plot,year,block,rate,PD,WEED_N,AMBEL,AMARE,SETFA,SETPU,DIGSA,DIGIS,VIOAR,OXAST,CHEAL,ERICA,SECCE,CERVU,MEDLU,SPOT7,VERAR,ABUTH,TAROF,STEME,ANGAR,TRFPR,PLAMA,ACCVI,CYPES,POLPE,POLPY,HIBTR,LOBIN,XANST,EPHMA,PRTQU,AMBEL.RA,AMARE.RA,SETFA.RA,SETPU.RA,DIGSA.RA,DIGIS.RA,VIOAR.RA,OXAST.RA,CHEAL.RA,ERICA.RA,SECCE.RA,CERVU.RA,MEDLU.RA,SPOT7.RA,VERAR.RA,ABUTH.RA,TAROF.RA,STEME.RA,ANGAR.RA,TRFPR.RA,PLAMA.RA,ACCVI.RA,CYPES.RA,POLPE.RA,POLPY.RA,HIBTR.RA,LOBIN.RA,XANST.RA,EPHMA.RA,PRTQU.RA,weed.g,ambel.g,amare.g,setfa.g,setpu.g,digsa.g,digis.g,vioar.g,oxast.g,cheal.g,erica.g,secce.g,cervu.g,medlu.g,sopt7.g,verar.g,abuth.g,tarof.g,steme.g,angar.g,trfpr.g,plama.g,accvi.g,cypes.g,polpe.g,polpy.g,hibtr.g,lobin.g,xanst.g,ephma.g,prtqu.g,ambel.g.ra,amare.g.ra,setfa.g.ra,setpu.g.ra,digsa.g.ra,digis.g.ra,vioar.g.ra,oxast.g.ra,cheal.g.ra,erica.g.ra,secce.g.ra,cervu.g.ra,medlu.g.ra,sopt7.g.ra,verar.g.ra,abuth.g.ra,tarof.g.ra,steme.g.ra,angar.g.ra,trfpr.g.ra,plama.g.ra,accvi.g.ra,cypes.g.ra,polpe.g.ra,polpy.g.ra,hibtr.g.ra,lobin.g.ra,xanst.g.ra,ephma.g.ra,prtqu.g.ra
101E,2022,1,1.5,E,217,15,0,154,28,3,0,0,6,0,1,10,0,0,0,0,0,0,0,0,0,0,0,0,0,0,0,0,0,0,0,6.912442396,0,70.96774194,12.90322581,1.382488479,0,0,2.764976959,0,0.460829493,4.608294931,0,0,0,0,0,0,0,0,0,0,0,0,0,0,0,0,0,0,0,49.29,15.79,0.00,27.14,3.33,0.18,0.00,0.00,0.10,0.00,0.07,2.68,0.00,0.00,0.00,0.00,0.00,0.00,0.00,0.00,0.00,0.00,0.00,0.00,0.00,0.00,0.00,0.00,0.00,0.00,0.00,32.03489552,0,55.06187868,6.755934267,0.359099209,0,0,0.204909718,0,0.146074254,5.437208359,0,0,0,0,0,0,0,0,0,0,0,0,0,0,0,0,0,0,0
101L,2022,1,1.5,L,202,20,0,153,12,2,0,0,4,0,0,9,0,0,0,0,0,0,0,0,0,0,0,0,2,0,0,0,0,0,0,9.900990099,0,75.74257426,5.940594059,0.99009901,0,0,1.98019802,0,0,4.455445545,0,0,0,0,0,0,0,0,0,0,0,0,0.99009901,0,0,0,0,0,0,52.35,17.40,0.00,29.17,1.60,0.15,0.00,0.00,0.13,0.00,0.00,3.80,0.00,0.00,0.00,0.00,0.00,0.00,0.00,0.00,0.00,0.00,0.00,0.00,0.11,0.00,0.00,0.00,0.00,0.00,0.00,33.23528288,0,55.7149406,3.056117966,0.290331207,0,0,0.24066929,0,0,7.25828017,0,0,0,0,0,0,0,0,0,0,0,0,0.204377889,0,0,0,0,0,0
102E,2022,1,0,E,188,12,0,136,5,0,1,1,3,0,0,28,0,0,0,0,0,0,0,0,0,0,0,0,2,0,0,0,0,0,0,6.382978723,0,72.34042553,2.659574468,0,0.531914894,0.531914894,1.595744681,0,0,14.89361702,0,0,0,0,0,0,0,0,0,0,0,0,1.063829787,0,0,0,0,0,0,41.71,9.51,0.00,26.20,0.84,0.00,0.04,0.07,0.06,0.00,0.00,4.96,0.00,0.00,0.00,0.00,0.00,0.00,0.00,0.00,0.00,0.00,0.00,0.00,0.04,0.00,0.00,0.00,0.00,0.00,0.00,22.80247446,0,62.81590179,2.006905481,0,0.083920779,0.158250611,0.151057402,0,0,11.89277322,0,0,0,0,0,0,0,0,0,0,0,0,0.088716252,0,0,0,0,0,0
102L,2022,1,0,L,216,8,0,186,1,0,0,4,4,0,1,11,0,0,0,0,0,0,0,0,0,0,0,0,0,0,0,0,0,0,1,3.703703704,0,86.11111111,0.462962963,0,0,1.851851852,1.851851852,0,0.462962963,5.092592593,0,0,0,0,0,0,0,0,0,0,0,0,0,0,0,0,0,0,0.462962963,58.26,9.70,0.00,43.31,0.02,0.00,0.00,0.11,0.06,0.00,0.09,4.90,0.00,0.00,0.00,0.00,0.00,0.00,0.00,0.00,0.00,0.00,0.00,0.00,0.00,0.00,0.00,0.00,0.00,0.00,0.07,16.64950223,0,74.33058702,0.027463096,0,0,0.188808788,0.106419499,0,0.161345692,8.410573292,0,0,0,0,0,0,0,0,0,0,0,0,0,0,0,0,0,0,0.125300378
103E,2022,1,3,E,53,9,0,36,0,0,0,1,2,0,0,3,0,0,0,0,0,0,0,0,0,0,0,2,0,0,0,0,0,0,0,16.98113208,0,67.9245283,0,0,0,1.886792453,3.773584906,0,0,5.660377358,0,0,0,0,0,0,0,0,0,0,0,3.773584906,0,0,0,0,0,0,0,23.28,9.67,0.00,12.16,0.00,0.00,0.00,0.26,0.21,0.00,0.00,0.88,0.00,0.00,0.00,0.00,0.00,0.00,0.00,0.00,0.00,0.00,0.00,0.10,0.00,0.00,0.00,0.00,0.00,0.00,0.00,41.54493899,0,52.24265338,0,0,0,1.12991923,0.885031792,0,0,3.780718336,0,0,0,0,0,0,0,0,0,0,0,0.416738271,0,0,0,0,0,0,0
103L,2022,1,3,L,99,12,0,68,0,0,5,0,5,5,0,4,0,0,0,0,0,0,0,0,0,0,0,0,0,0,0,0,0,0,0,12.12121212,0,68.68686869,0,0,5.050505051,0,5.050505051,5.050505051,0,4.04040404,0,0,0,0,0,0,0,0,0,0,0,0,0,0,0,0,0,0,0,43.59,21.85,0.00,18.12,0.00,0.00,0.52,0.00,0.52,1.74,0.00,0.84,0.00,0.00,0.00,0.00,0.00,0.00,0.00,0.00,0.00,0.00,0.00,0.00,0.00,0.00,0.00,0.00,0.00,0.00,0.00,50.12502581,0,41.56821362,0,0,1.199788947,0,1.183730587,3.996237755,0,1.92700328,0,0,0,0,0,0,0,0,0,0,0,0,0,0,0,0,0,0,0
201E,2022,2,0,E,478,21,0,396,23,0,0,0,3,0,0,35,0,0,0,0,0,0,0,0,0,0,0,0,0,0,0,0,0,0,0,4.393305439,0,82.84518828,4.811715481,0,0,0,0.627615063,0,0,7.322175732,0,0,0,0,0,0,0,0,0,0,0,0,0,0,0,0,0,0,0,54.14,11.20,0.00,33.61,1.80,0.00,0.00,0.00,0.04,0.00,0.00,7.50,0.00,0.00,0.00,0.00,0.00,0.00,0.00,0.00,0.00,0.00,0.00,0.00,0.00,0.00,0.00,0.00,0.00,0.00,0.00,20.6867254,0,62.06941135,3.324652297,0,0,0,0.066493046,0,0,13.8527179,0,0,0,0,0,0,0,0,0,0,0,0,0,0,0,0,0,0,0
201L,2022,2,0,L,430,11,0,387,9,0,2,0,3,0,0,18,0,0,0,0,0,0,0,0,0,0,0,0,0,0,0,0,0,0,0,2.558139535,0,90,2.093023256,0,0.465116279,0,0.697674419,0,0,4.186046512,0,0,0,0,0,0,0,0,0,0,0,0,0,0,0,0,0,0,0,56.58,3.75,0.00,47.77,1.07,0.00,0.06,0.00,0.21,0.00,0.00,3.72,0.00,0.00,0.00,0.00,0.00,0.00,0.00,0.00,0.00,0.00,0.00,0.00,0.00,0.00,0.00,0.00,0.00,0.00,0.00,6.628252262,0,84.43509615,1.891261312,0,0.104284502,0,0.365879525,0,0,6.575226244,0,0,0,0,0,0,0,0,0,0,0,0,0,0,0,0,0,0,0
202E,2022,2,1.5,E,217,14,0,186,0,0,0,2,3,0,0,8,0,0,1,2,0,0,0,0,0,0,0,0,0,0,0,1,0,0,0,6.451612903,0,85.71428571,0,0,0,0.921658986,1.382488479,0,0,3.686635945,0,0,0.460829493,0.921658986,0,0,0,0,0,0,0,0,0,0,0,0.460829493,0,0,0,61.68,15.11,0.00,43.79,0.00,0.00,0.00,0.09,0.08,0.00,0.00,2.48,0.00,0.00,0.03,0.06,0.00,0.00,0.00,0.00,0.00,0.00,0.00,0.00,0.00,0.00,0.00,0.04,0.00,0.00,0.00,24.49899475,0,71.00006486,0,0,0,0.139438355,0.123224593,0,0,4.021013036,0,0,0.055126792,0.102146702,0,0,0,0,0,0,0,0,0,0,0,0.05999092,0,0,0
202L,2022,2,1.5,L,107,4,0,95,0,0,0,2,3,0,0,2,0,0,0,0,0,0,0,1,0,0,0,0,0,0,0,0,0,0,0,3.738317757,0,88.78504673,0,0,0,1.869158879,2.803738318,0,0,1.869158879,0,0,0,0,0,0,0,0.934579439,0,0,0,0,0,0,0,0,0,0,0,34.28,5.50,0.00,28.20,0.00,0.00,0.00,0.09,0.12,0.00,0.00,0.36,0.00,0.00,0.00,0.00,0.00,0.00,0.00,0.00,0.00,0.00,0.00,0.00,0.00,0.00,0.00,0.00,0.00,0.00,0.00,16.04574496,0,82.27091052,0,0,0,0.274236368,0.361758614,0,0,1.047349535,0,0,0,0,0,0,0,0,0,0,0,0,0,0,0,0,0,0,0
203E,2022,2,3,E,178,14,0,140,0,0,0,0,4,0,0,20,0,0,0,0,0,0,0,0,0,0,0,0,0,0,0,0,0,0,0,7.865168539,0,78.65168539,0,0,0,0,2.247191011,0,0,11.23595506,0,0,0,0,0,0,0,0,0,0,0,0,0,0,0,0,0,0,0,61.08,18.30,0.00,35.10,0.00,0.00,0.00,0.00,0.11,0.00,0.00,7.57,0.00,0.00,0.00,0.00,0.00,0.00,0.00,0.00,0.00,0.00,0.00,0.00,0.00,0.00,0.00,0.00,0.00,0.00,0.00,29.95972627,0,57.46373727,0,0,0,0,0.183360073,0,0,12.39317639,0,0,0,0,0,0,0,0,0,0,0,0,0,0,0,0,0,0,0
203L,2022,2,3,L,134,15,0,107,1,0,0,0,2,1,0,4,0,0,0,0,0,0,0,0,4,0,0,0,0,0,0,0,0,0,0,11.19402985,0,79.85074627,0.746268657,0,0,0,1.492537313,0.746268657,0,2.985074627,0,0,0,0,0,0,0,0,2.985074627,0,0,0,0,0,0,0,0,0,0,46.07,20.53,0.00,21.18,0.12,0.00,0.00,0.00,0.24,0.02,0.00,1.16,0.00,0.00,0.00,0.00,0.00,0.00,0.00,0.00,2.82,0.00,0.00,0.00,0.00,0.00,0.00,0.00,0.00,0.00,0.00,44.56552413,0,45.98302472,0.256148653,0,0,0,0.512297306,0.034732021,0,2.518071505,0,0,0,0,0,0,0,0,6.130201663,0,0,0,0,0,0,0,0,0,0
301E,2022,3,3,E,148,14,0,111,2,0,0,1,2,0,0,18,0,0,0,0,0,0,0,0,0,0,0,0,0,0,0,0,0,0,0,9.459459459,0,75,1.351351351,0,0,0.675675676,1.351351351,0,0,12.16216216,0,0,0,0,0,0,0,0,0,0,0,0,0,0,0,0,0,0,0,48.36,11.34,0.00,30.29,0.42,0.00,0.00,0.12,0.24,0.00,0.00,5.95,0.00,0.00,0.00,0.00,0.00,0.00,0.00,0.00,0.00,0.00,0.00,0.00,0.00,0.00,0.00,0.00,0.00,0.00,0.00,23.4515562,0,62.64915727,0.866508117,0,0,0.237824424,0.490125116,0,0,12.30482887,0,0,0,0,0,0,0,0,0,0,0,0,0,0,0,0,0,0,0
301L,2022,3,3,L,158,16,0,107,10,0,0,0,3,0,0,19,0,0,0,3,0,0,0,0,0,0,0,0,0,0,0,0,0,0,0,10.12658228,0,67.72151899,6.329113924,0,0,0,1.898734177,0,0,12.02531646,0,0,0,1.898734177,0,0,0,0,0,0,0,0,0,0,0,0,0,0,0,75.69,19.20,0.00,49.10,0.92,0.00,0.00,0.00,0.23,0.00,0.00,6.20,0.00,0.00,0.00,0.04,0.00,0.00,0.00,0.00,0.00,0.00,0.00,0.00,0.00,0.00,0.00,0.00,0.00,0.00,0.00,25.36562166,0,64.86729288,1.220720542,0,0,0,0.298574505,0,0,8.190981993,0,0,0,0.056808424,0,0,0,0,0,0,0,0,0,0,0,0,0,0,0
302E,2022,3,1.5,E,142,2,0,128,1,0,0,0,2,0,0,9,0,0,0,0,0,0,0,0,0,0,0,0,0,0,0,0,0,0,0,1.408450704,0,90.14084507,0.704225352,0,0,0,1.408450704,0,0,6.338028169,0,0,0,0,0,0,0,0,0,0,0,0,0,0,0,0,0,0,0,34.78,1.47,0.00,31.04,0.19,0.00,0.00,0.00,0.03,0.00,0.00,2.05,0.00,0.00,0.00,0.00,0.00,0.00,0.00,0.00,0.00,0.00,0.00,0.00,0.00,0.00,0.00,0.00,0.00,0.00,0.00,4.226202455,0,89.22462122,0.557743725,0,0,0,0.0977489,0,0,5.893683696,0,0,0,0,0,0,0,0,0,0,0,0,0,0,0,0,0,0,0
302L,2022,3,1.5,L,302,4,0,269,0,0,0,0,3,0,0,26,0,0,0,0,0,0,0,0,0,0,0,0,0,0,0,0,0,0,0,1.324503311,0,89.07284768,0,0,0,0,0.993377483,0,0,8.609271523,0,0,0,0,0,0,0,0,0,0,0,0,0,0,0,0,0,0,0,77.82,13.59,0.00,63.82,0.00,0.00,0.00,0.00,0.08,0.00,0.00,0.33,0.00,0.00,0.00,0.00,0.00,0.00,0.00,0.00,0.00,0.00,0.00,0.00,0.00,0.00,0.00,0.00,0.00,0.00,0.00,17.46270383,0,82.00660473,0,0,0,0,0.106652275,0,0,0.424039166,0,0,0,0,0,0,0,0,0,0,0,0,0,0,0,0,0,0,0
303E,2022,3,0,E,73,6,0,56,1,0,0,2,0,0,0,7,0,0,0,0,0,0,0,0,0,0,0,0,0,0,0,0,0,1,0,8.219178082,0,76.71232877,1.369863014,0,0,2.739726027,0,0,0,9.589041096,0,0,0,0,0,0,0,0,0,0,0,0,0,0,0,0,0,1.369863014,0,19.51,4.49,0.00,13.55,0.09,0.00,0.00,0.05,0.39,0.00,0.00,0.85,0.00,0.00,0.00,0.00,0.00,0.00,0.00,0.00,0.00,0.00,0.00,0.00,0.00,0.00,0.00,0.00,0.00,0.10,0.00,23.01737838,0,69.44686523,0.461372841,0,0,0.23068642,1.973650484,0,0,4.35741016,0,0,0,0,0,0,0,0,0,0,0,0,0,0,0,0,0,0.512636489,0
303L,2022,3,0,L,175,11,0,81,0,0,0,2,5,0,0,76,0,0,0,0,0,0,0,0,0,0,0,0,0,0,0,0,0,0,0,6.285714286,0,46.28571429,0,0,0,1.142857143,2.857142857,0,0,43.42857143,0,0,0,0,0,0,0,0,0,0,0,0,0,0,0,0,0,0,0,64.53,9.20,0.00,31.20,0.00,0.00,0.00,0.31,0.43,0.00,0.00,23.40,0.00,0.00,0.00,0.00,0.00,0.00,0.00,0.00,0.00,0.00,0.00,0.00,0.00,0.00,0.00,0.00,0.00,0.00,0.00,14.25627198,0,48.34735717,0,0,0,0.477275193,0.658577782,0,0,36.26051787,0,0,0,0,0,0,0,0,0,0,0,0,0,0,0,0,0,0,0
401E,2022,4,0,E,180,12,0,136,18,0,2,0,0,0,0,7,0,5,0,0,0,0,0,0,0,0,0,0,0,0,0,0,0,0,0,6.666666667,0,75.55555556,10,0,1.111111111,0,0,0,0,3.888888889,0,2.777777778,0,0,0,0,0,0,0,0,0,0,0,0,0,0,0,0,0,53.82,8.40,0.00,39.56,1.80,0.00,0.07,0.00,0.00,0.00,0.00,2.20,0.00,1.79,0.00,0.00,0.00,0.00,0.00,0.00,0.00,0.00,0.00,0.00,0.00,0.00,0.00,0.00,0.00,0.00,0.00,15.60874089,0,73.50416233,3.344730192,0,0.130072841,0,0,0,0,4.088003568,0,3.324290174,0,0,0,0,0,0,0,0,0,0,0,0,0,0,0,0,0
401L,2022,4,0,L,360,19,0,237,26,0,0,0,4,0,0,74,0,0,0,0,0,0,0,0,0,0,0,0,0,0,0,0,0,0,0,5.277777778,0,65.83333333,7.222222222,0,0,0,1.111111111,0,0,20.55555556,0,0,0,0,0,0,0,0,0,0,0,0,0,0,0,0,0,0,0,81.06,12.60,0.00,44.49,3.20,0.00,0.00,0.00,0.07,0.00,0.00,20.70,0.00,0.00,0.00,0.00,0.00,0.00,0.00,0.00,0.00,0.00,0.00,0.00,0.00,0.00,0.00,0.00,0.00,0.00,0.00,15.54461675,0,54.88853523,3.947839175,0,0,0,0.081424183,0,0,25.53758466,0,0,0,0,0,0,0,0,0,0,0,0,0,0,0,0,0,0,0
402E,2022,4,3,E,183,5,0,171,0,0,1,0,0,0,0,6,0,0,0,0,0,0,0,0,0,0,0,0,0,0,0,0,0,0,0,2.732240437,0,93.44262295,0,0,0.546448087,0,0,0,0,3.278688525,0,0,0,0,0,0,0,0,0,0,0,0,0,0,0,0,0,0,0,50.54,2.60,0.00,46.48,0.00,0.00,0.06,0.00,0.00,0.00,0.00,1.40,0.00,0.00,0.00,0.00,0.00,0.00,0.00,0.00,0.00,0.00,0.00,0.00,0.00,0.00,0.00,0.00,0.00,0.00,0.00,5.144847238,0,91.96414437,0,0,0.120706031,0,0,0,0,2.770302359,0,0,0,0,0,0,0,0,0,0,0,0,0,0,0,0,0,0,0
402L,2022,4,3,L,176,3,0,150,1,0,2,1,2,0,0,14,0,0,0,3,0,0,0,0,0,0,0,0,0,0,0,0,0,0,0,1.704545455,0,85.22727273,0.568181818,0,1.136363636,0.568181818,1.136363636,0,0,7.954545455,0,0,0,1.704545455,0,0,0,0,0,0,0,0,0,0,0,0,0,0,0,58.05,1.80,0.00,51.10,0.04,0.00,0.03,0.06,0.10,0.00,0.00,4.70,0.00,0.00,0.00,0.22,0.00,0.00,0.00,0.00,0.00,0.00,0.00,0.00,0.00,0.00,0.00,0.00,0.00,0.00,0.00,3.10082861,0,88.02907888,0.06718462,0,0.058571207,0.101638271,0.168822891,0,0,8.096608038,0,0,0,0.377267481,0,0,0,0,0,0,0,0,0,0,0,0,0,0,0
403E,2022,4,1.5,E,192,12,0,144,2,4,0,0,5,0,1,22,0,0,0,0,0,0,0,0,0,0,0,0,1,0,0,0,1,0,0,6.25,0,75,1.041666667,2.083333333,0,0,2.604166667,0,0.520833333,11.45833333,0,0,0,0,0,0,0,0,0,0,0,0,0.520833333,0,0,0,0.520833333,0,0,49.59,9.00,0.00,33.63,0.34,0.00,0.15,0.00,0.32,0.00,0.12,6.00,0.00,0.00,0.00,0.00,0.00,0.00,0.00,0.00,0.00,0.00,0.00,0.00,0.02,0.00,0.00,0.00,0.02,0.00,0.00,18.14845436,0,67.81069146,0.683591781,0,0.292391765,0,0.653344357,0,0.233913412,12.09896957,0,0,0,0,0,0,0,0,0,0,0,0,0.034280414,0,0,0,0.044362888,0,0
403L,2022,4,1.5,L,174,20,0,123,3,0,2,0,5,0,0,18,0,0,0,2,0,0,0,0,0,0,0,0,0,0,0,1,0,0,0,11.49425287,0,70.68965517,1.724137931,0,1.149425287,0,2.873563218,0,0,10.34482759,0,0,0,1.149425287,0,0,0,0,0,0,0,0,0,0,0,0.574712644,0,0,0,63.68,27.00,0.00,31.99,0.58,0.00,0.30,0.00,0.36,0.00,0.00,3.30,0.00,0.00,0.00,0.08,0.00,0.00,0.00,0.02,0.00,0.00,0.00,0.00,0.00,0.00,0.00,0.05,0.00,0.00,0.00,42.40082917,0,50.24027137,0.906121423,0,0.46483872,0,0.571625993,0,0,5.182323565,0,0,0,0.120920883,0,0,0,0.036119225,0,0,0,0,0,0,0,0.076949653,0,0,0
501E,2022,5,3,E,184,9,0,114,3,0,1,0,0,0,0,57,0,0,0,0,0,0,0,0,0,0,0,0,0,0,0,0,0,0,0,4.891304348,0,61.95652174,1.630434783,0,0.543478261,0,0,0,0,30.97826087,0,0,0,0,0,0,0,0,0,0,0,0,0,0,0,0,0,0,0,68.59,23.90,0.00,24.90,0.54,0.00,0.06,0.00,0.00,0.00,0.00,19.20,0.00,0.00,0.00,0.00,0.00,0.00,0.00,0.00,0.00,0.00,0.00,0.00,0.00,0.00,0.00,0.00,0.00,0.00,0.00,34.84320557,0,36.30108029,0.784336594,0,0.080183109,0,0,0,0,27.99119444,0,0,0,0,0,0,0,0,0,0,0,0,0,0,0,0,0,0,0
501L,2022,5,3,L,187,0,0,148,12,0,0,0,2,0,0,20,0,0,0,2,0,0,0,0,0,0,0,3,0,0,0,0,0,0,0,0,0,79.14438503,6.417112299,0,0,0,1.069518717,0,0,10.69518717,0,0,0,1.069518717,0,0,0,0,0,0,0,1.604278075,0,0,0,0,0,0,0,46.19,0.00,0.00,38.80,2.00,0.00,0.00,0.00,0.09,0.00,0.00,4.70,0.00,0.00,0.00,0.04,0.00,0.00,0.00,0.00,0.00,0.00,0.00,0.56,0.00,0.00,0.00,0.00,0.00,0.00,0.00,0,0,84.00086599,4.329941546,0,0,0,0.188352457,0,0,10.17536263,0,0,0,0.086598831,0,0,0,0,0,0,0,1.218878545,0,0,0,0,0,0,0
502E,2022,5,0,E,355,6,0,305,6,0,0,1,0,0,0,37,0,0,0,0,0,0,0,0,0,0,0,0,0,0,0,0,0,0,0,1.690140845,0,85.91549296,1.690140845,0,0,0.281690141,0,0,0,10.42253521,0,0,0,0,0,0,0,0,0,0,0,0,0,0,0,0,0,0,0,46.27,1.80,0.00,34.01,0.55,0.00,0.00,0.02,0.00,0.00,0.00,9.90,0.00,0.00,0.00,0.00,0.00,0.00,0.00,0.00,0.00,0.00,0.00,0.00,0.00,0.00,0.00,0.00,0.00,0.00,0.00,3.890209639,0,73.49686622,1.17786903,0,0,0.038902096,0,0,0,21.39615301,0,0,0,0,0,0,0,0,0,0,0,0,0,0,0,0,0,0,0
502L,2022,5,0,L,306,12,0,266,7,0,4,0,1,0,0,16,0,0,0,0,0,0,0,0,0,0,0,0,0,0,0,0,0,0,0,3.921568627,0,86.92810458,2.287581699,0,1.307189542,0,0.326797386,0,0,5.22875817,0,0,0,0,0,0,0,0,0,0,0,0,0,0,0,0,0,0,0,36.49,4.81,0.00,27.82,0.38,0.00,0.22,0.00,0.01,0.00,0.00,3.25,0.00,0.00,0.00,0.00,0.00,0.00,0.00,0.00,0.00,0.00,0.00,0.00,0.00,0.00,0.00,0.00,0.00,0.00,0.00,13.18205487,0,76.24215517,1.04140974,0,0.608402532,0,0.019183864,0,0,8.906793828,0,0,0,0,0,0,0,0,0,0,0,0,0,0,0,0,0,0,0
503E,2022,5,1.5,E,259,15,0,203,12,0,2,0,1,0,1,25,0,0,0,0,0,0,0,0,0,0,0,0,0,0,0,0,0,0,0,5.791505792,0,78.37837838,4.633204633,0,0.772200772,0,0.386100386,0,0.386100386,9.652509653,0,0,0,0,0,0,0,0,0,0,0,0,0,0,0,0,0,0,0,55.68,10.00,0.00,39.43,1.10,0.00,0.18,0.00,0.02,0.00,0.05,4.90,0.00,0.00,0.00,0.00,0.00,0.00,0.00,0.00,0.00,0.00,0.00,0.00,0.00,0.00,0.00,0.00,0.00,0.00,0.00,17.95977011,0,70.81716954,1.975574713,0,0.325071839,0,0.041307471,0,0.080818966,8.800287356,0,0,0,0,0,0,0,0,0,0,0,0,0,0,0,0,0,0,0
503L,2022,5,1.5,L,206,17,0,157,9,0,5,1,3,0,0,12,0,0,0,0,0,1,0,0,0,1,0,0,0,0,0,0,0,0,0,8.252427184,0,76.21359223,4.368932039,0,2.427184466,0.485436893,1.45631068,0,0,5.825242718,0,0,0,0,0,0.485436893,0,0,0,0.485436893,0,0,0,0,0,0,0,0,0,54.68,16.20,0.00,32.06,2.40,0.00,1.15,0.07,0.16,0.00,0.00,2.60,0.00,0.00,0.00,0.00,0.00,0.02,0.00,0.00,0.00,0.02,0.00,0.00,0.00,0.00,0.00,0.00,0.00,0.00,0.00,29.62637845,0,58.62731113,4.389093104,0,2.110422267,0.12070006,0.296263784,0,0,4.754850862,0,0,0,0,0,0.032918198,0,0,0,0.042062142,0,0,0,0,0,0,0,0,0
101E,2023,1,3,E,218,25,0,111,67,0,0,0,8,1,0,3,2,0,0,0,1,0,0,0,0,0,0,0,0,0,0,0,0,0,0,11.46788991,0,50.91743119,30.73394495,0,0,0,3.669724771,0.458715596,0,1.376146789,0.917431193,0,0,0,0.458715596,0,0,0,0,0,0,0,0,0,0,0,0,0,0,65.32,43.8,0,12.8,7.7,0,0,0,0.125,0.01,0,0.8,0.081,0,0,0,0.002,0,0,0,0,0,0,0,0,0,0,0,0,0,0,67.05655409,0,19.5964359,11.78848097,0,0,0,0.191371444,0.015309716,0,1.224777244,0.124008696,0,0,0,0.003061943,0,0,0,0,0,0,0,0,0,0,0,0,0,0
101L,2023,1,3,L,107,16,0,35,43,0,0,0,1,0,0,5,5,0,0,0,1,1,0,0,0,0,0,0,0,0,0,0,0,0,0,14.95327103,0,32.71028037,40.18691589,0,0,0,0.934579439,0,0,4.672897196,4.672897196,0,0,0,0.934579439,0.934579439,0,0,0,0,0,0,0,0,0,0,0,0,0,62.47,45.1,0,9.2,6.5,0,0,0,0.036,0,0,1.4,0.205,0,0,0,0.018,0.014,0,0,0,0,0,0,0,0,0,0,0,0,0,72.19118659,0,14.72636179,10.40449474,0,0,0,0.057624894,0,0,2.240968098,0.328141757,0,0,0,0.028812447,0.022409681,0,0,0,0,0,0,0,0,0,0,0,0,0
102E,2023,1,0,E,150,44,1,87,0,0,0,0,4,0,0,5,2,0,0,0,3,4,0,0,0,0,0,0,0,0,0,0,0,0,0,29.33333333,0.666666667,58,0,0,0,0,2.666666667,0,0,3.333333333,1.333333333,0,0,0,2,2.666666667,0,0,0,0,0,0,0,0,0,0,0,0,0,41.76,33,0.007,7.7,0,0,0,0,0.043,0,0,0.8,0.022,0,0,0,0.1,0.086,0,0,0,0,0,0,0,0,0,0,0,0,0,79.02677331,0.016763255,18.43958044,0,0,0,0,0.10297428,0,0,1.915800565,0.052684516,0,0,0,0.239475071,0.205948561,0,0,0,0,0,0,0,0,0,0,0,0,0
102L,2023,1,0,L,187,75,0,98,1,0,1,0,4,0,0,0,0,0,0,0,7,0,0,0,0,0,0,0,0,0,1,0,0,0,0,40.10695187,0,52.40641711,0.534759358,0,0.534759358,0,2.139037433,0,0,0,0,0,0,0,3.743315508,0,0,0,0,0,0,0,0,0,0.534759358,0,0,0,0,48.62,41.7,0,6.6,0,0,0.028,0,0.052,0,0,0,0.018,0,0,0,0.205,0,0,0,0,0,0,0,0,0,0.014,0,0,0,0,85.77246642,0,13.57549828,0,0,0.057593023,0,0.106958471,0,0,0,0.037024086,0,0,0,0.421663204,0,0,0,0,0,0,0,0,0,0.028796512,0,0,0,0
103E,2023,1,1.5,E,316,32,0,223,34,0,0,0,6,0,0,13,3,0,0,0,3,1,0,0,0,0,0,0,1,0,0,0,0,0,0,10.12658228,0,70.56962025,10.75949367,0,0,0,1.898734177,0,0,4.113924051,0.949367089,0,0,0,0.949367089,0.316455696,0,0,0,0,0,0,0.316455696,0,0,0,0,0,0,71.04,39.4,0,24.1,2.6,0,0,0,0.167,0,0,4.5,0.123,0,0,0,0.12,0.01,0,0,0,0,0,0,0.016,0,0,0,0,0,0,55.46483473,0,33.92645982,3.660115998,0,0,0,0.235092066,0,0,6.33481615,0.173151641,0,0,0,0.168928431,0.014077369,0,0,0,0,0,0,0.022523791,0,0,0,0,0,0
103L,2023,1,1.5,L,225,33,0,134,19,0,0,0,11,0,1,5,10,0,0,0,5,1,0,4,0,0,0,0,2,0,0,0,0,0,0,14.66666667,0,59.55555556,8.444444444,0,0,0,4.888888889,0,0.444444444,2.222222222,4.444444444,0,0,0,2.222222222,0.444444444,0,1.777777778,0,0,0,0,0.888888889,0,0,0,0,0,0,55.77,33.5,0,17.7,2.8,0,0,0,0.346,0,0.041,0.5,0.355,0,0,0,0.156,0.023,0,0.244,0,0,0,0,0.1,0,0,0,0,0,0,60.07352282,0,31.74033892,5.021070564,0,0,0,0.620460863,0,0.073522819,0.896619744,0.636600018,0,0,0,0.27974536,0.041244508,0,0.437550435,0,0,0,0,0.179323949,0,0,0,0,0,0
201E,2023,2,3,E,254,42,0,173,10,2,5,0,2,0,1,11,0,0,0,0,4,1,0,0,0,0,0,0,0,3,0,0,0,0,0,16.53543307,0,68.11023622,3.937007874,0.787401575,1.968503937,0,0.787401575,0,0.393700787,4.330708661,0,0,0,0,1.57480315,0.393700787,0,0,0,0,0,0,0,1.181102362,0,0,0,0,0,73.02,39.6,0,27.2,1.311,0.149,0.112,0,0.04,0,0.032,4,0,0,0,0,0.307,0.028,0,0,0,0,0,0,0,0.237,0,0,0,0,0,54.23468829,0,37.25210913,1.795496877,0.204064862,0.153391038,0,0.054782513,0,0.043826011,5.478251342,0,0,0,0,0.420455791,0.038347759,0,0,0,0,0,0,0,0.324586392,0,0,0,0,0
201L,2023,2,3,L,177,24,0,125,5,1,1,0,2,0,0,14,0,0,1,0,1,1,0,0,0,0,1,0,1,0,0,0,0,0,0,13.55932203,0,70.62146893,2.824858757,0.564971751,0.564971751,0,1.129943503,0,0,7.90960452,0,0,0.564971751,0,0.564971751,0.564971751,0,0,0,0,0.564971751,0,0.564971751,0,0,0,0,0,0,65.21,34.7,0,27.3,0.2,0.058,0.042,0,0.305,0,0,2.4,0,0,0.022,0,0.075,0.04,0,0,0,0,0.027,0,0.036,0,0,0,0,0,0,53.21677785,0,41.86795491,0.306724944,0.088950234,0.064412238,0,0.46775554,0,0,3.680699333,0,0,0.033739744,0,0.115021854,0.061344989,0,0,0,0,0.041407867,0,0.05521049,0,0,0,0,0,0
202E,2023,2,1.5,E,106,24,0,68,0,0,0,0,0,0,0,4,0,0,0,0,2,0,0,0,8,0,0,0,0,0,0,0,0,0,0,22.64150943,0,64.1509434,0,0,0,0,0,0,0,3.773584906,0,0,0,0,1.886792453,0,0,0,7.547169811,0,0,0,0,0,0,0,0,0,0,41.61,31.2,0,8.4,0,0,0,0,0,0,0,0.9,0,0,0,0,0.11,0,0,0,1,0,0,0,0,0,0,0,0,0,0,74.98197549,0,20.18745494,0,0,0,0,0,0,0,2.162941601,0,0,0,0,0.264359529,0,0,0,2.403268445,0,0,0,0,0,0,0,0,0,0
202L,2023,2,1.5,L,157,29,0,89,0,0,0,0,0,0,0,37,1,0,0,0,1,0,0,0,0,0,0,0,0,0,0,0,0,0,0,18.47133758,0,56.68789809,0,0,0,0,0,0,0,23.56687898,0.636942675,0,0,0,0.636942675,0,0,0,0,0,0,0,0,0,0,0,0,0,0,53.04,30.7,0,13.9,0,0,0,0,0,0,0,8.4,0.024,0,0,0,0.018,0,0,0,0,0,0,0,0,0,0,0,0,0,0,57.87866219,0,26.20564835,0,0,0,0,0,0,0,15.83650692,0.045247163,0,0,0,0.033935372,0,0,0,0,0,0,0,0,0,0,0,0,0,0
203E,2023,2,0,E,238,39,0,176,0,0,0,1,9,0,0,3,0,0,0,0,5,4,0,0,1,0,0,0,0,0,0,0,0,0,0,16.38655462,0,73.94957983,0,0,0,0.420168067,3.781512605,0,0,1.260504202,0,0,0,0,2.100840336,1.680672269,0,0,0.420168067,0,0,0,0,0,0,0,0,0,0,46.82,32.2,0,12,0.4,0,0,.027*,0.143,0,0,0.3,0,0,0,0,0.353,0.026,0,0,1.4,0,0,0,0,0,0,0,0,0,0,68.77109051,0,25.62897783,0.854299261,0,0,#VALUE!,0.305411986,0,0,0.640724446,0,0,0,0,0.753919098,0.055529452,0,0,2.990047414,0,0,0,0,0,0,0,0,0,0
203L,2023,2,0,L,160,37,0,98,13,0,0,0,1,0,1,9,0,0,0,0,1,0,0,0,0,0,0,0,0,0,0,0,0,0,0,23.125,0,61.25,8.125,0,0,0,0.625,0,0.625,5.625,0,0,0,0,0.625,0,0,0,0,0,0,0,0,0,0,0,0,0,0,45.28,32.9,0,8.6,1.2,0,0,0,0.05,0,0.012,2.5,0,0,0,0,0.019,0,0,0,0,0,0,0,0,0,0,0,0,0,0,72.65740598,0,18.99251342,2.650118151,0,0,0,0.11042159,0,0.026501182,5.521079481,0,0,0,0,0.041960204,0,0,0,0,0,0,0,0,0,0,0,0,0,0
301E,2023,3,0,E,324,63,0,253,0,0,0,0,1,1,0,3,0,0,0,0,2,1,0,0,0,0,0,0,0,0,0,0,0,0,0,19.44444444,0,78.08641975,0,0,0,0,0.308641975,0.308641975,0,0.925925926,0,0,0,0,0.617283951,0.308641975,0,0,0,0,0,0,0,0,0,0,0,0,0,103.70,68.6,0,34.7,0,0,0,0,0.006,0.003,0,0.3,0,0,0,0,0.072,0.022,0,0,0,0,0,0,0,0,0,0,0,0,0,66.15044888,0,33.46094134,0,0,0,0,0.005785754,0.002892877,0,0.289287677,0,0,0,0,0.069429043,0.02121443,0,0,0,0,0,0,0,0,0,0,0,0,0
301L,2023,3,0,L,217,46,0,153,0,0,0,0,0,1,0,14,1,0,0,0,1,1,0,0,0,0,0,0,0,0,0,0,0,0,0,21.19815668,0,70.50691244,0,0,0,0,0,0.460829493,0,6.451612903,0.460829493,0,0,0,0.460829493,0.460829493,0,0,0,0,0,0,0,0,0,0,0,0,0,78.57,51.7,0,23.6,0,0,0,0,0,0.019,0,3.2,0.012,0,0,0,0.019,0.018,0,0,0,0,0,0,0,0,0,0,0,0,0,65.8028714,0,30.03767437,0,0,0,0,0,0.024182873,0,4.072904999,0.015273394,0,0,0,0.024182873,0.022910091,0,0,0,0,0,0,0,0,0,0,0,0,0
302E,2023,3,3,E,108,36,0,67,0,0,0,0,0,0,0,1,0,0,0,0,4,0,0,0,0,0,0,0,0,0,0,0,0,0,0,33.33333333,0,62.03703704,0,0,0,0,0,0,0,0.925925926,0,0,0,0,3.703703704,0,0,0,0,0,0,0,0,0,0,0,0,0,0,46.22,30.8,0,15,0,0,0,0,0,0,0,0.3,0,0,0,0,0.121,0,0,0,0,0,0,0,0,0,0,0,0,0,0,66.6363774,0,32.4527812,0,0,0,0,0,0,0,0.649055624,0,0,0,0,0.261785768,0,0,0,0,0,0,0,0,0,0,0,0,0,0
302L,2023,3,3,L,86,16,0,27,0,0,0,0,0,1,0,40,0,0,0,0,0,0,2,0,0,0,0,0,0,0,0,0,0,0,0,18.60465116,0,31.39534884,0,0,0,0,0,1.162790698,0,46.51162791,0,0,0,0,0,0,2.325581395,0,0,0,0,0,0,0,0,0,0,0,0,60.53,44.7,0,3.7,0,0,0,0,0,0.082,0,11.9,0,0,0,0,0,0,0.152,0,0,0,0,0,0,0,0,0,0,0,0,73.84279909,0,6.112267486,0,0,0,0,0,0.135461063,0,19.65837381,0,0,0,0,0,0,0.251098556,0,0,0,0,0,0,0,0,0,0,0,0
303E,2023,3,1.5,E,126,5,0,89,20,0,0,1,7,0,0,2,1,0,0,0,0,0,0,0,0,0,0,0,1,0,0,0,0,0,0,3.968253968,0,70.63492063,15.87301587,0,0,0.793650794,5.555555556,0,0,1.587301587,0.793650794,0,0,0,0,0,0,0,0,0,0,0,0.793650794,0,0,0,0,0,0,35.72,6.9,0,24.5,3.5,0,0,0.111,0.497,0,0,0.12,0.007,0,0,0,0,0,0,0,0,0,0,0,0.081,0,0,0,0,0,0,19.31907268,0,68.59670736,9.799529623,0,0,0.310785082,1.391533206,0,0,0.335983873,0.019599059,0,0,0,0,0,0,0,0,0,0,0,0.226789114,0,0,0,0,0,0
303L,2023,3,1.5,L,170,32,0,95,1,0,0,0,2,0,0,35,1,0,0,0,1,1,0,0,0,0,0,0,0,2,0,0,0,0,0,18.82352941,0,55.88235294,0.588235294,0,0,0,1.176470588,0,0,20.58823529,0.588235294,0,0,0,0.588235294,0.588235294,0,0,0,0,0,0,0,1.176470588,0,0,0,0,0,63.55,31.8,0,17.4,0.2,0,0,0,0.094,0,0,13.7,0.026,0,0,0,0.116,0.018,0,0,0,0,0,0,0,0.2,0,0,0,0,0,50.0361897,0,27.37829248,0.314693017,0,0,0,0.147905718,0,0,21.55647166,0.040910092,0,0,0,0.18252195,0.028322372,0,0,0,0,0,0,0,0.314693017,0,0,0,0,0
401E,2023,4,1.5,E,367,29,0,318,0,0,7,0,0,2,0,3,0,0,0,0,3,4,0,0,0,0,0,0,0,0,1,0,0,0,0,7.901907357,0,86.64850136,0,0,1.907356948,0,0,0.544959128,0,0.817438692,0,0,0,0,0.817438692,1.089918256,0,0,0,0,0,0,0,0,0.272479564,0,0,0,0,59.34,21.8,0,36.9,0,0,0.271,0,0,0.016,0,0.178,0,0,0,0,0.073,0.066,0,0,0,0,0,0,0,0,0.038,0,0,0,0,36.73620707,0,62.18192848,0,0,0.456674868,0,0,0.026962354,0,0.299956186,0,0,0,0,0.123015739,0.111219709,0,0,0,0,0,0,0,0,0.06403559,0,0,0,0
401L,2023,4,1.5,L,287,31,0,246,0,0,1,0,1,3,0,4,0,0,0,0,0,0,1,0,0,0,0,0,0,0,0,0,0,0,0,10.80139373,0,85.71428571,0,0,0.348432056,0,0.348432056,1.045296167,0,1.393728223,0,0,0,0,0,0,0.348432056,0,0,0,0,0,0,0,0,0,0,0,0,61.45,35.4,0,25.3,0,0,0.005,0,0.012,0.045,0,0.6,0,0,0,0,0,0.078,0.005,0,0,0,0,0,0,0,0,0,0,0,0,57.61249898,0,41.17503458,0,0,0.008137359,0,0.019529661,0.073236228,0,0.976483034,0,0,0,0,0,0.126942794,0.008137359,0,0,0,0,0,0,0,0,0,0,0,0
402E,2023,4,0,E,231,61,0,164,0,0,0,0,1,0,0,4,0,0,0,0,0,0,1,0,0,0,0,0,0,0,0,0,0,0,0,26.40692641,0,70.995671,0,0,0,0,0.432900433,0,0,1.731601732,0,0,0,0,0,0,0.432900433,0,0,0,0,0,0,0,0,0,0,0,0,53.83,33.7,0,19.1,0,0,0,0,0.01,0,0,1,0,0,0,0,0,0,0.016,0,0,0,0,0,0,0,0,0,0,0,0,62.609148,0,35.48470999,0,0,0,0,0.018578382,0,0,1.857838219,0,0,0,0,0,0,0.029725412,0,0,0,0,0,0,0,0,0,0,0,0
402L,2023,4,0,L,238,29,0,190,0,0,0,0,0,0,0,19,0,0,0,0,0,0,0,0,0,0,0,0,0,0,0,0,0,0,0,12.18487395,0,79.83193277,0,0,0,0,0,0,0,7.983193277,0,0,0,0,0,0,0,0,0,0,0,0,0,0,0,0,0,0,0,54.30,28.9,0,19.4,0,0,0,0,0,0,0,6,0,0,0,0,0,0,0,0,0,0,0,0,0,0,0,0,0,0,0,53.2228361,0,35.72744015,0,0,0,0,0,0,0,11.04972376,0,0,0,0,0,0,0,0,0,0,0,0,0,0,0,0,0,0,0
403E,2023,4,3,E,157,18,0,118,3,0,0,0,7,0,3,6,0,0,0,0,0,1,0,0,0,0,0,0,1,0,0,0,0,0,0,11.46496815,0,75.15923567,1.910828025,0,0,0,4.458598726,0,1.910828025,3.821656051,0,0,0,0,0,0.636942675,0,0,0,0,0,0,0.636942675,0,0,0,0,0,0,61.06,29.9,0,29.6,0.1,0,0,0,0.6,0,0.029,0.8,0,0,0,0,0,0.004,0,0,0,0,0,0,0.025,0,0,0,0,0,0,48.96983196,0,48.47849586,0.163778702,0,0,0,0.982672213,0,0.047495824,1.310229618,0,0,0,0,0,0.006551148,0,0,0,0,0,0,0.040944676,0,0,0,0,0,0
403L,2023,4,3,L,118,8,0,85,3,0,0,2,5,0,0,10,3,0,0,0,0,1,0,0,0,0,0,0,1,0,0,0,0,0,0,6.779661017,0,72.03389831,2.542372881,0,0,1.694915254,4.237288136,0,0,8.474576271,2.542372881,0,0,0,0,0.847457627,0,0,0,0,0,0,0.847457627,0,0,0,0,0,0,39.90,23.7,0,13,0.1,0,0,0.062,0.263,0,0,2.5,0.08,0,0,0,0,0.081,0,0,0,0,0,0,0.115,0,0,0,0,0,0,59.39700759,0,32.58063708,0.250620285,0,0,0.155384577,0.65913135,0,0,6.26550713,0.200496228,0,0,0,0,0.203002431,0,0,0,0,0,0,0.288213328,0,0,0,0,0,0
501E,2023,5,1.5,E,389,34,0,306,0,3,0,0,0,1,2,4,0,0,1,0,1,1,0,0,36,0,0,0,0,0,0,0,0,0,0,8.740359897,0,78.66323907,0,0.771208226,0,0,0,0.257069409,0.514138817,1.028277635,0,0,0.257069409,0,0.257069409,0.257069409,0,0,9.254498715,0,0,0,0,0,0,0,0,0,0,59.44,32.6,0,24.5,0,0.109,0,0,0,0.039,0.103,0.8,0,0,0.048,0,0.085,0.252,0,0,0.9,0,0,0,0,0,0,0,0,0,0,54.84891312,0,41.22080894,0,0.183390538,0,0,0,0.065616798,0.173295646,1.345985598,0,0,0.080759136,0,0.14301097,0.423985463,0,0,1.514233798,0,0,0,0,0,0,0,0,0,0
501L,2023,5,1.5,L,241,30,0,167,3,2,11,0,1,2,1,8,0,0,0,0,1,0,0,0,14,1,0,0,0,0,0,0,0,0,0,12.44813278,0,69.29460581,1.244813278,0.829875519,4.564315353,0,0.414937759,0.829875519,0.414937759,3.319502075,0,0,0,0,0.414937759,0,0,0,5.809128631,0.414937759,0,0,0,0,0,0,0,0,0,46.12,31.9,0,12,0.089,0.056,0.292,0,0.023,0.026,0.073,1.3,0,0,0,0,0.089,0,0,0,0.172,0.096,0,0,0,0,0,0,0,0,0,69.17338885,0,26.0213375,0.192991586,0.121432908,0.633185879,0,0.04987423,0.056379565,0.15829647,2.818978229,0,0,0,0,0.192991586,0,0,0,0.372972504,0.2081707,0,0,0,0,0,0,0,0,0
502E,2023,5,3,E,139,0,0,134,0,0,0,0,0,0,0,0,0,0,0,0,3,1,1,0,0,0,0,0,0,0,0,0,0,0,0,0,0,96.4028777,0,0,0,0,0,0,0,0,0,0,0,0,2.158273381,0.71942446,0.71942446,0,0,0,0,0,0,0,0,0,0,0,0,46.18,30.2,0,15.7,0,0,0,0,0,0,0,0,0,0,0,0,0.097,0.138,0.047,0,0,0,0,0,0,0,0,0,0,0,0,65.39344333,0,33.99592915,0,0,0,0,0,0,0,0,0,0,0,0,0.210038543,0.298817721,0.101771253,0,0,0,0,0,0,0,0,0,0,0,0
502L,2023,5,3,L,120,17,0,96,0,0,0,0,1,0,0,6,0,0,0,0,0,0,0,0,0,0,0,0,0,0,0,0,0,0,0,14.16666667,0,80,0,0,0,0,0.833333333,0,0,5,0,0,0,0,0,0,0,0,0,0,0,0,0,0,0,0,0,0,0,43.85,23.1,0,19.5,0,0,0,0,0.045,0,0,1.2,0,0,0,0,0,0,0,0,0,0,0,0,0,0,0,0,0,0,0,52.68559699,0,44.4748546,0,0,0,0,0.10263428,0,0,2.736914129,0,0,0,0,0,0,0,0,0,0,0,0,0,0,0,0,0,0,0
503E,2023,5,0,E,251,31,0,196,2,0,0,1,3,0,1,8,1,0,0,0,2,6,0,0,0,0,0,0,0,0,0,0,0,0,0,12.35059761,0,78.0876494,0.796812749,0,0,0.398406375,1.195219124,0,0.398406375,3.187250996,0.398406375,0,0,0,0.796812749,2.390438247,0,0,0,0,0,0,0,0,0,0,0,0,0,66.38,40.2,0,24.4,0.223,0,0,.009*,0.159,0,0.014,1.2,0.017,0,0,0,0.081,0.085,0,0,0,0,0,0,0,0,0,0,0,0,0,60.5613221,0,36.75861342,0.335949623,0,0,#VALUE!,0.239533587,0,0.021091008,1.80780066,0.025610509,0,0,0,0.122026545,0.128052547,0,0,0,0,0,0,0,0,0,0,0,0,0
503L,2023,5,0,L,192,11,0,178,2,0,0,0,0,0,0,0,0,0,0,0,1,0,0,0,0,0,0,0,0,0,0,0,0,0,0,5.729166667,0,92.70833333,1.041666667,0,0,0,0,0,0,0,0,0,0,0,0.520833333,0,0,0,0,0,0,0,0,0,0,0,0,0,0,35.26,7.7,0,26.3,0.183,0,0,0,0,0,0,0.9,0,0,0,0,0.175,0,0,0,0,0,0,0,0,0,0,0,0,0,0,21.83901526,0,74.59300017,0.519031142,0,0,0,0,0,0,2.552612173,0,0,0,0,0.496341256,0,0,0,0,0,0,0,0,0,0,0,0,0,0