plot,plot_main,PD,block,rate_pl,strip,stage,diameter_mm,height_cm
101E,101.00,E,1,1.5,1,57,1.1,31.75
101E,101.00,E,1,1.5,1,49,1.7,40.64
101E,101.00,E,1,1.5,1,47,1.2,45.72
101E,101.00,E,1,1.5,1,57,1,48.26
101E,101.00,E,1,1.5,1,57,1.3,48.26
101E,101.00,E,1,1.5,1,59,1.2,50.80
101E,101.00,E,1,1.5,1,55,1.4,50.80
101E,101.00,E,1,1.5,1,49,2.1,50.80
101E,101.00,E,1,1.5,1,55,1.7,53.34
101E,101.00,E,1,1.5,1,55,2,53.34
101E,101.00,E,1,1.5,1,59,1.4,60.96
101E,101.00,E,1,1.5,1,57,2,60.96
101E,101.00,E,1,1.5,1,59,2.8,60.96
101E,101.00,E,1,1.5,1,57,2.2,63.50
101E,101.00,E,1,1.5,1,57,2.4,63.50
101E,101.00,E,1,1.5,1,57,1.9,66.04
101E,101.00,E,1,1.5,1,59,1.9,66.04
101E,101.00,E,1,1.5,1,59,2,66.04
101E,101.00,E,1,1.5,1,59,2.2,66.04
101E,101.00,E,1,1.5,1,55,2.5,68.58
101E,101.00,E,1,1.5,1,57,2.5,71.12
101E,101.00,E,1,1.5,1,59,2.6,71.12
101E,101.00,E,1,1.5,1,57,3.5,71.12
101E,101.00,E,1,1.5,1,59,2.3,73.66
101E,101.00,E,1,1.5,1,59,2.3,73.66
101E,101.00,E,1,1.5,1,57,2.5,73.66
101E,101.00,E,1,1.5,1,57,2.7,73.66
101E,101.00,E,1,1.5,1,57,3.1,73.66
101E,101.00,E,1,1.5,1,57,3.2,73.66
101E,101.00,E,1,1.5,1,59,2.6,76.20
101E,101.00,E,1,1.5,1,57,2.8,76.20
101E,101.00,E,1,1.5,1,59,2.1,78.74
101E,101.00,E,1,1.5,1,59,2.5,78.74
101E,101.00,E,1,1.5,1,59,2.7,78.74
101E,101.00,E,1,1.5,1,55,3.5,78.74
101E,101.00,E,1,1.5,1,57,3.7,78.74
101E,101.00,E,1,1.5,1,53,2.8,80.01
101E,101.00,E,1,1.5,1,59,3,80.01
101E,101.00,E,1,1.5,1,55,3.1,80.01
101E,101.00,E,1,1.5,1,55,2.2,81.28
101E,101.00,E,1,1.5,1,57,3,81.28
101E,101.00,E,1,1.5,1,59,3.7,81.28
101E,101.00,E,1,1.5,1,59,4.2,81.28
101E,101.00,E,1,1.5,1,57,4.3,81.28
101E,101.00,E,1,1.5,1,57,2.7,83.82
101E,101.00,E,1,1.5,1,59,2.7,83.82
101E,101.00,E,1,1.5,1,59,3,83.82
101E,101.00,E,1,1.5,1,53,3.3,83.82
101E,101.00,E,1,1.5,1,57,3.3,83.82
101E,101.00,E,1,1.5,1,57,3.4,83.82
101E,101.00,E,1,1.5,1,59,2.4,86.36
101E,101.00,E,1,1.5,1,57,3,86.36
101E,101.00,E,1,1.5,1,59,3,86.36
101E,101.00,E,1,1.5,1,59,3,86.36
101E,101.00,E,1,1.5,1,57,3.1,86.36
101E,101.00,E,1,1.5,1,57,3.3,86.36
101E,101.00,E,1,1.5,1,59,4.9,86.36
101E,101.00,E,1,1.5,1,57,2.3,88.90
101E,101.00,E,1,1.5,1,57,3,88.90
101E,101.00,E,1,1.5,1,57,3.1,88.90
101E,101.00,E,1,1.5,1,53,3.2,88.90
101E,101.00,E,1,1.5,1,59,4.4,90.17
101E,101.00,E,1,1.5,1,57,2.5,91.44
101E,101.00,E,1,1.5,1,57,2.8,91.44
101E,101.00,E,1,1.5,1,57,3.1,91.44
101E,101.00,E,1,1.5,1,59,3.5,91.44
101E,101.00,E,1,1.5,1,59,3.6,91.44
101E,101.00,E,1,1.5,1,59,3.8,91.44
101E,101.00,E,1,1.5,1,59,2.8,93.98
101E,101.00,E,1,1.5,1,57,3.6,93.98
101E,101.00,E,1,1.5,1,57,4,93.98
101E,101.00,E,1,1.5,1,59,3.8,96.52
101E,101.00,E,1,1.5,1,59,4.5,96.52
101E,101.00,E,1,1.5,1,59,4,97.79
101E,101.00,E,1,1.5,1,59,3.3,99.06
101E,101.00,E,1,1.5,1,57,3.4,99.06
101E,101.00,E,1,1.5,1,59,3.6,99.06
101E,101.00,E,1,1.5,1,59,2.9,101.60
101E,101.00,E,1,1.5,1,59,4.6,104.14
101E,101.00,E,1,1.5,1,60,4.3,106.68
102E,102.00,E,1,0,2,43,1,20.32
102E,102.00,E,1,0,2,57,1.1,21.59
102E,102.00,E,1,0,2,49,1.2,22.86
102E,102.00,E,1,0,2,41,1.3,22.86
102E,102.00,E,1,0,2,53,0.7,25.40
102E,102.00,E,1,0,2,49,0.9,25.40
102E,102.00,E,1,0,2,55,0.9,25.40
102E,102.00,E,1,0,2,43,1.2,25.40
102E,102.00,E,1,0,2,53,1.2,25.40
102E,102.00,E,1,0,2,49,0.8,30.48
102E,102.00,E,1,0,2,49,1.1,30.48
102E,102.00,E,1,0,2,49,1.1,30.48
102E,102.00,E,1,0,2,49,0.9,33.02
102E,102.00,E,1,0,2,47,1.7,33.02
102E,102.00,E,1,0,2,49,1.7,33.02
102E,102.00,E,1,0,2,49,1.7,33.02
102E,102.00,E,1,0,2,43,1.2,35.56
102E,102.00,E,1,0,2,51,1.2,35.56
102E,102.00,E,1,0,2,49,1.4,35.56
102E,102.00,E,1,0,2,43,2,35.56
102E,102.00,E,1,0,2,55,1.4,38.10
102E,102.00,E,1,0,2,45,1.6,38.10
102E,102.00,E,1,0,2,55,1.4,39.37
102E,102.00,E,1,0,2,45,1.5,39.37
102E,102.00,E,1,0,2,49,2.1,39.37
102E,102.00,E,1,0,2,55,1.2,40.64
102E,102.00,E,1,0,2,49,1.4,40.64
102E,102.00,E,1,0,2,53,1.4,40.64
102E,102.00,E,1,0,2,53,1.5,40.64
102E,102.00,E,1,0,2,49,1.6,40.64
102E,102.00,E,1,0,2,53,1.7,40.64
102E,102.00,E,1,0,2,49,1.8,40.64
102E,102.00,E,1,0,2,51,1.9,41.91
102E,102.00,E,1,0,2,49,1.1,43.18
102E,102.00,E,1,0,2,57,1.2,43.18
102E,102.00,E,1,0,2,49,1.4,43.18
102E,102.00,E,1,0,2,57,1.6,43.18
102E,102.00,E,1,0,2,55,1.4,44.45
102E,102.00,E,1,0,2,55,1.8,44.45
102E,102.00,E,1,0,2,49,2,44.45
102E,102.00,E,1,0,2,53,1,45.72
102E,102.00,E,1,0,2,57,1,45.72
102E,102.00,E,1,0,2,47,1.1,45.72
102E,102.00,E,1,0,2,49,1.8,45.72
102E,102.00,E,1,0,2,59,1.9,45.72
102E,102.00,E,1,0,2,49,1.8,46.99
102E,102.00,E,1,0,2,55,1.1,48.26
102E,102.00,E,1,0,2,49,1.6,48.26
102E,102.00,E,1,0,2,53,1.6,48.26
102E,102.00,E,1,0,2,49,1.7,48.26
102E,102.00,E,1,0,2,53,1.8,48.26
102E,102.00,E,1,0,2,51,1.9,48.26
102E,102.00,E,1,0,2,53,2.2,48.26
102E,102.00,E,1,0,2,49,1.6,49.53
102E,102.00,E,1,0,2,49,1.8,49.53
102E,102.00,E,1,0,2,49,1.5,50.80
102E,102.00,E,1,0,2,55,1.7,50.80
102E,102.00,E,1,0,2,49,2.3,50.80
102E,102.00,E,1,0,2,57,2.3,50.80
102E,102.00,E,1,0,2,55,1.6,52.07
102E,102.00,E,1,0,2,53,2.3,52.07
102E,102.00,E,1,0,2,51,1.5,53.34
102E,102.00,E,1,0,2,55,1.6,53.34
102E,102.00,E,1,0,2,45,2,53.34
102E,102.00,E,1,0,2,59,2.1,53.34
102E,102.00,E,1,0,2,55,2.2,53.34
102E,102.00,E,1,0,2,55,2.3,53.34
102E,102.00,E,1,0,2,53,2.4,53.34
102E,102.00,E,1,0,2,51,2.6,53.34
102E,102.00,E,1,0,2,57,1.4,55.88
102E,102.00,E,1,0,2,55,1.7,55.88
102E,102.00,E,1,0,2,49,1.9,55.88
102E,102.00,E,1,0,2,53,1.9,55.88
102E,102.00,E,1,0,2,53,2.3,55.88
102E,102.00,E,1,0,2,55,1.7,57.15
102E,102.00,E,1,0,2,53,2.2,57.15
102E,102.00,E,1,0,2,49,2.4,57.15
102E,102.00,E,1,0,2,59,1.4,58.42
102E,102.00,E,1,0,2,55,1.7,58.42
102E,102.00,E,1,0,2,53,1.9,58.42
102E,102.00,E,1,0,2,49,2,58.42
102E,102.00,E,1,0,2,55,2.2,58.42
102E,102.00,E,1,0,2,59,2.2,58.42
102E,102.00,E,1,0,2,51,2.4,58.42
102E,102.00,E,1,0,2,59,2.5,59.18
102E,102.00,E,1,0,2,57,2.3,59.69
102E,102.00,E,1,0,2,55,2,60.96
102E,102.00,E,1,0,2,53,2.5,60.96
102E,102.00,E,1,0,2,49,2.7,60.96
102E,102.00,E,1,0,2,55,1.8,62.23
102E,102.00,E,1,0,2,53,1.9,63.50
102E,102.00,E,1,0,2,59,1.9,63.50
102E,102.00,E,1,0,2,55,2.3,63.50
102E,102.00,E,1,0,2,55,2.7,63.50
102E,102.00,E,1,0,2,59,2.7,63.50
102E,102.00,E,1,0,2,59,1.9,68.58
102E,102.00,E,1,0,2,55,2,68.58
102E,102.00,E,1,0,2,57,3.1,68.58
102E,102.00,E,1,0,2,55,2.4,69.85
102E,102.00,E,1,0,2,57,2.8,71.12
103E,103.00,E,1,3,3,49,0.7,33.02
103E,103.00,E,1,3,3,59,0.6,34.29
103E,103.00,E,1,3,3,49,0.6,35.56
103E,103.00,E,1,3,3,49,0.9,35.56
103E,103.00,E,1,3,3,49,0.5,38.10
103E,103.00,E,1,3,3,51,1,38.10
103E,103.00,E,1,3,3,51,1.1,43.18
103E,103.00,E,1,3,3,53,1.2,45.72
103E,103.00,E,1,3,3,51,1.3,45.72
103E,103.00,E,1,3,3,49,2.1,52.07
103E,103.00,E,1,3,3,53,1.7,53.34
103E,103.00,E,1,3,3,49,1.8,55.88
103E,103.00,E,1,3,3,51,1.9,58.42
103E,103.00,E,1,3,3,51,2.6,58.42
103E,103.00,E,1,3,3,39,3,58.42
103E,103.00,E,1,3,3,49,2.5,60.96
103E,103.00,E,1,3,3,49,2.3,63.50
103E,103.00,E,1,3,3,55,2.4,63.50
103E,103.00,E,1,3,3,49,3.1,66.04
103E,103.00,E,1,3,3,55,2.2,68.58
103E,103.00,E,1,3,3,59,1.9,69.85
103E,103.00,E,1,3,3,59,2.2,69.85
103E,103.00,E,1,3,3,55,2.6,71.12
103E,103.00,E,1,3,3,55,2.3,73.66
103E,103.00,E,1,3,3,55,2.7,73.66
103E,103.00,E,1,3,3,47,2.8,73.66
103E,103.00,E,1,3,3,49,3.1,73.66
103E,103.00,E,1,3,3,57,3.9,73.66
103E,103.00,E,1,3,3,57,2.1,74.93
103E,103.00,E,1,3,3,55,3.7,77.47
103E,103.00,E,1,3,3,59,2.5,78.74
103E,103.00,E,1,3,3,57,2.6,78.74
103E,103.00,E,1,3,3,55,2.7,78.74
103E,103.00,E,1,3,3,57,3.2,78.74
103E,103.00,E,1,3,3,53,2.8,80.01
103E,103.00,E,1,3,3,55,4.6,80.01
103E,103.00,E,1,3,3,55,2.3,81.28
103E,103.00,E,1,3,3,59,2.8,81.28
103E,103.00,E,1,3,3,53,3.4,81.28
103E,103.00,E,1,3,3,57,3.6,81.28
103E,103.00,E,1,3,3,57,3,83.82
103E,103.00,E,1,3,3,55,3.1,83.82
103E,103.00,E,1,3,3,57,3.2,83.82
103E,103.00,E,1,3,3,55,3.1,85.09
103E,103.00,E,1,3,3,57,2.9,86.36
103E,103.00,E,1,3,3,57,3.3,86.36
103E,103.00,E,1,3,3,55,3.5,86.36
103E,103.00,E,1,3,3,55,3.8,86.36
103E,103.00,E,1,3,3,55,4.3,86.36
103E,103.00,E,1,3,3,55,2.9,87.63
103E,103.00,E,1,3,3,57,2.8,88.90
103E,103.00,E,1,3,3,43,3.1,88.90
103E,103.00,E,1,3,3,59,3.3,88.90
103E,103.00,E,1,3,3,59,3.5,88.90
103E,103.00,E,1,3,3,59,3.5,88.90
103E,103.00,E,1,3,3,59,3.1,90.17
103E,103.00,E,1,3,3,55,2.7,91.44
103E,103.00,E,1,3,3,57,3.2,91.44
103E,103.00,E,1,3,3,59,3.2,91.44
103E,103.00,E,1,3,3,53,3.5,91.44
103E,103.00,E,1,3,3,45,4.2,91.44
103E,103.00,E,1,3,3,57,4,92.71
103E,103.00,E,1,3,3,55,2.8,93.98
103E,103.00,E,1,3,3,57,3,93.98
103E,103.00,E,1,3,3,57,3.2,93.98
103E,103.00,E,1,3,3,59,4,93.98
103E,103.00,E,1,3,3,57,4.2,95.25
103E,103.00,E,1,3,3,51,0.8,96.52
103E,103.00,E,1,3,3,55,2.6,96.52
103E,103.00,E,1,3,3,57,3.5,96.52
103E,103.00,E,1,3,3,57,3.7,97.79
103E,103.00,E,1,3,3,55,3.7,99.06
103E,103.00,E,1,3,3,59,2.9,101.60
103E,103.00,E,1,3,3,59,3.8,102.87
201E,201.00,E,2,0,1,53,1.8,17.78
201E,201.00,E,2,0,1,43,1.1,20.32
201E,201.00,E,2,0,1,47,1.2,20.32
201E,201.00,E,2,0,1,43,1.2,22.86
201E,201.00,E,2,0,1,41,1.3,22.86
201E,201.00,E,2,0,1,53,1.3,22.86
201E,201.00,E,2,0,1,45,1.7,22.86
201E,201.00,E,2,0,1,45,1.4,24.13
201E,201.00,E,2,0,1,43,1.7,24.13
201E,201.00,E,2,0,1,45,1.3,25.40
201E,201.00,E,2,0,1,43,1.4,25.40
201E,201.00,E,2,0,1,49,1.7,25.40
201E,201.00,E,2,0,1,45,2.1,25.40
201E,201.00,E,2,0,1,41,3,25.40
201E,201.00,E,2,0,1,47,1.4,27.94
201E,201.00,E,2,0,1,49,1.5,27.94
201E,201.00,E,2,0,1,43,1.7,27.94
201E,201.00,E,2,0,1,49,1.7,27.94
201E,201.00,E,2,0,1,39,2.1,27.94
201E,201.00,E,2,0,1,59,1.5,30.48
201E,201.00,E,2,0,1,43,1.7,30.48
201E,201.00,E,2,0,1,47,1.8,30.48
201E,201.00,E,2,0,1,47,1.9,30.48
201E,201.00,E,2,0,1,43,2.1,30.48
201E,201.00,E,2,0,1,45,2.1,30.48
201E,201.00,E,2,0,1,39,2.4,30.48
201E,201.00,E,2,0,1,49,1,33.02
201E,201.00,E,2,0,1,43,1.1,33.02
201E,201.00,E,2,0,1,41,1.5,33.02
201E,201.00,E,2,0,1,47,1.7,33.02
201E,201.00,E,2,0,1,49,1.7,33.02
201E,201.00,E,2,0,1,49,1.9,33.02
201E,201.00,E,2,0,1,47,2,33.02
201E,201.00,E,2,0,1,43,2.1,33.02
201E,201.00,E,2,0,1,41,2.4,33.02
201E,201.00,E,2,0,1,49,1.6,34.29
201E,201.00,E,2,0,1,49,1.8,35.56
201E,201.00,E,2,0,1,49,1.8,35.56
201E,201.00,E,2,0,1,41,1.9,35.56
201E,201.00,E,2,0,1,45,1.9,35.56
201E,201.00,E,2,0,1,45,2,35.56
201E,201.00,E,2,0,1,49,2,35.56
201E,201.00,E,2,0,1,43,2.1,35.56
201E,201.00,E,2,0,1,45,2.3,35.56
201E,201.00,E,2,0,1,45,1.9,36.83
201E,201.00,E,2,0,1,39,2.5,36.83
201E,201.00,E,2,0,1,41,1.7,38.10
201E,201.00,E,2,0,1,41,1.7,38.10
201E,201.00,E,2,0,1,47,1.7,38.10
201E,201.00,E,2,0,1,49,1.7,38.10
201E,201.00,E,2,0,1,41,1.9,38.10
201E,201.00,E,2,0,1,47,1.8,40.64
201E,201.00,E,2,0,1,53,1.8,40.64
201E,201.00,E,2,0,1,49,1.9,40.64
201E,201.00,E,2,0,1,49,2,40.64
201E,201.00,E,2,0,1,39,2.6,40.64
201E,201.00,E,2,0,1,55,1.4,41.91
201E,201.00,E,2,0,1,49,1.6,41.91
201E,201.00,E,2,0,1,55,2,43.18
201E,201.00,E,2,0,1,49,2.3,43.18
201E,201.00,E,2,0,1,45,2.4,43.18
201E,201.00,E,2,0,1,49,2.4,44.45
201E,201.00,E,2,0,1,49,2.5,45.72
201E,201.00,E,2,0,1,47,2.9,45.72
201E,201.00,E,2,0,1,55,1.4,48.26
201E,201.00,E,2,0,1,49,2.3,48.26
201E,201.00,E,2,0,1,49,1.8,49.53
201E,201.00,E,2,0,1,49,2,50.80
201E,201.00,E,2,0,1,49,3.1,50.80
201E,201.00,E,2,0,1,57,3.3,52.07
201E,201.00,E,2,0,1,43,3.4,52.07
201E,201.00,E,2,0,1,51,2.4,55.88
201E,201.00,E,2,0,1,57,3,60.96
201E,201.00,E,2,0,1,55,3.1,60.96
201E,201.00,E,2,0,1,57,3,62.23
201E,201.00,E,2,0,1,53,2.8,63.50
201E,201.00,E,2,0,1,53,3.8,73.66
202E,202.00,E,2,1.5,2,47,0.7,25.40
202E,202.00,E,2,1.5,2,49,1.1,30.48
202E,202.00,E,2,1.5,2,47,1.5,40.64
202E,202.00,E,2,1.5,2,57,1.8,40.64
202E,202.00,E,2,1.5,2,49,1.4,48.26
202E,202.00,E,2,1.5,2,51,1.5,48.26
202E,202.00,E,2,1.5,2,55,2.4,48.26
202E,202.00,E,2,1.5,2,49,2.3,53.34
202E,202.00,E,2,1.5,2,55,2.3,53.34
202E,202.00,E,2,1.5,2,49,1.5,55.88
202E,202.00,E,2,1.5,2,53,2.1,55.88
202E,202.00,E,2,1.5,2,55,2,57.15
202E,202.00,E,2,1.5,2,59,3,57.15
202E,202.00,E,2,1.5,2,49,3.1,57.15
202E,202.00,E,2,1.5,2,53,1.9,58.42
202E,202.00,E,2,1.5,2,57,2,58.42
202E,202.00,E,2,1.5,2,49,2.2,58.42
202E,202.00,E,2,1.5,2,55,2.7,58.42
202E,202.00,E,2,1.5,2,55,3,60.96
202E,202.00,E,2,1.5,2,53,3.1,60.96
202E,202.00,E,2,1.5,2,55,2.6,63.50
202E,202.00,E,2,1.5,2,49,3.1,63.50
202E,202.00,E,2,1.5,2,55,3.1,63.50
202E,202.00,E,2,1.5,2,51,2.1,64.77
202E,202.00,E,2,1.5,2,55,2.4,66.04
202E,202.00,E,2,1.5,2,53,2.5,66.04
202E,202.00,E,2,1.5,2,53,2.5,66.04
202E,202.00,E,2,1.5,2,55,3,66.04
202E,202.00,E,2,1.5,2,59,2.1,67.31
202E,202.00,E,2,1.5,2,57,3,67.31
202E,202.00,E,2,1.5,2,49,2.7,68.58
202E,202.00,E,2,1.5,2,55,3.2,68.58
202E,202.00,E,2,1.5,2,51,3.6,68.58
202E,202.00,E,2,1.5,2,51,3,69.85
202E,202.00,E,2,1.5,2,55,2.7,71.12
202E,202.00,E,2,1.5,2,57,3,71.12
202E,202.00,E,2,1.5,2,55,3.1,71.12
202E,202.00,E,2,1.5,2,53,3.4,71.12
202E,202.00,E,2,1.5,2,57,3,73.66
202E,202.00,E,2,1.5,2,53,3.1,73.66
202E,202.00,E,2,1.5,2,55,3.8,73.66
202E,202.00,E,2,1.5,2,55,3.3,74.93
202E,202.00,E,2,1.5,2,59,2.4,76.20
202E,202.00,E,2,1.5,2,59,2.5,76.20
202E,202.00,E,2,1.5,2,55,2.8,76.20
202E,202.00,E,2,1.5,2,55,3.4,76.20
202E,202.00,E,2,1.5,2,53,3.6,76.20
202E,202.00,E,2,1.5,2,59,3.7,76.20
202E,202.00,E,2,1.5,2,47,2.7,78.74
202E,202.00,E,2,1.5,2,55,4.2,78.74
202E,202.00,E,2,1.5,2,59,3,80.01
202E,202.00,E,2,1.5,2,57,3.8,80.01
202E,202.00,E,2,1.5,2,55,2.7,81.28
202E,202.00,E,2,1.5,2,53,3.9,81.28
202E,202.00,E,2,1.5,2,59,3.2,83.82
202E,202.00,E,2,1.5,2,57,3.3,83.82
202E,202.00,E,2,1.5,2,53,3.7,83.82
202E,202.00,E,2,1.5,2,55,3.9,83.82
202E,202.00,E,2,1.5,2,55,3,85.09
202E,202.00,E,2,1.5,2,57,3.6,87.63
202E,202.00,E,2,1.5,2,53,3.4,88.90
202E,202.00,E,2,1.5,2,55,4.3,88.90
202E,202.00,E,2,1.5,2,57,3.7,92.71
202E,202.00,E,2,1.5,2,55,3.3,93.98
202E,202.00,E,2,1.5,2,59,4,104.14
203E,203.00,E,2,3,3,53,0.9,17.78
203E,203.00,E,2,3,3,47,0.8,22.86
203E,203.00,E,2,3,3,45,0.9,27.94
203E,203.00,E,2,3,3,47,1.1,27.94
203E,203.00,E,2,3,3,47,1.1,30.48
203E,203.00,E,2,3,3,47,1.2,30.48
203E,203.00,E,2,3,3,45,1.3,31.75
203E,203.00,E,2,3,3,49,2.3,33.02
203E,203.00,E,2,3,3,47,1.8,34.29
203E,203.00,E,2,3,3,47,1.9,34.29
203E,203.00,E,2,3,3,49,0.9,35.56
203E,203.00,E,2,3,3,49,1.1,35.56
203E,203.00,E,2,3,3,49,1.3,35.56
203E,203.00,E,2,3,3,47,1.4,35.56
203E,203.00,E,2,3,3,51,1.9,35.56
203E,203.00,E,2,3,3,47,1.8,36.83
203E,203.00,E,2,3,3,47,1.7,38.10
203E,203.00,E,2,3,3,49,1.7,38.10
203E,203.00,E,2,3,3,49,1.7,38.10
203E,203.00,E,2,3,3,41,2.4,38.10
203E,203.00,E,2,3,3,49,1.2,39.37
203E,203.00,E,2,3,3,43,2.3,40.64
203E,203.00,E,2,3,3,49,1.6,41.91
203E,203.00,E,2,3,3,43,1.7,41.91
203E,203.00,E,2,3,3,49,1.9,41.91
203E,203.00,E,2,3,3,49,1.8,43.18
203E,203.00,E,2,3,3,49,2.1,43.18
203E,203.00,E,2,3,3,55,2,44.45
203E,203.00,E,2,3,3,47,2.5,44.45
203E,203.00,E,2,3,3,49,2,45.72
203E,203.00,E,2,3,3,51,2.2,45.72
203E,203.00,E,2,3,3,51,2.6,45.72
203E,203.00,E,2,3,3,55,1.3,48.26
203E,203.00,E,2,3,3,47,1.9,48.26
203E,203.00,E,2,3,3,51,1.6,50.80
203E,203.00,E,2,3,3,51,1.8,50.80
203E,203.00,E,2,3,3,55,1.9,50.80
203E,203.00,E,2,3,3,49,1.5,52.07
203E,203.00,E,2,3,3,49,2.4,52.07
203E,203.00,E,2,3,3,47,2.7,52.07
203E,203.00,E,2,3,3,49,1.8,53.34
203E,203.00,E,2,3,3,51,1.9,53.34
203E,203.00,E,2,3,3,49,2.9,53.34
203E,203.00,E,2,3,3,47,2.6,54.61
203E,203.00,E,2,3,3,57,1.7,55.88
203E,203.00,E,2,3,3,47,2.3,58.42
203E,203.00,E,2,3,3,47,2.4,58.42
203E,203.00,E,2,3,3,53,2.5,58.42
203E,203.00,E,2,3,3,49,2.6,58.42
203E,203.00,E,2,3,3,55,3,58.42
203E,203.00,E,2,3,3,49,3.1,58.42
203E,203.00,E,2,3,3,55,2.7,59.69
203E,203.00,E,2,3,3,51,2.4,60.96
203E,203.00,E,2,3,3,51,2.6,60.96
203E,203.00,E,2,3,3,57,2,62.23
203E,203.00,E,2,3,3,47,3.2,63.50
203E,203.00,E,2,3,3,49,3.5,66.04
203E,203.00,E,2,3,3,49,3.7,66.04
203E,203.00,E,2,3,3,55,3.1,68.58
203E,203.00,E,2,3,3,55,3.2,68.58
203E,203.00,E,2,3,3,49,3.2,71.12
203E,203.00,E,2,3,3,55,3.3,71.12
203E,203.00,E,2,3,3,55,3,73.66
203E,203.00,E,2,3,3,55,3,73.66
203E,203.00,E,2,3,3,53,3.4,73.66
203E,203.00,E,2,3,3,55,3.9,73.66
301E,301.00,E,3,3,1,30,1.2,20.32
301E,301.00,E,3,3,1,43,1.1,30.48
301E,301.00,E,3,3,1,41,2,38.10
301E,301.00,E,3,3,1,47,2.3,38.10
301E,301.00,E,3,3,1,47,1.4,41.91
301E,301.00,E,3,3,1,43,2,45.72
301E,301.00,E,3,3,1,55,3.1,54.61
301E,301.00,E,3,3,1,49,2.4,55.88
301E,301.00,E,3,3,1,59,3.8,55.88
301E,301.00,E,3,3,1,51,2.3,58.42
301E,301.00,E,3,3,1,57,2.6,58.42
301E,301.00,E,3,3,1,51,3.1,58.42
301E,301.00,E,3,3,1,49,2.5,60.96
301E,301.00,E,3,3,1,49,3,60.96
301E,301.00,E,3,3,1,59,2.6,63.50
301E,301.00,E,3,3,1,45,3.2,63.50
301E,301.00,E,3,3,1,49,3.3,63.50
301E,301.00,E,3,3,1,57,2.1,66.04
301E,301.00,E,3,3,1,49,2.6,66.04
301E,301.00,E,3,3,1,55,3.6,66.04
301E,301.00,E,3,3,1,53,2.2,67.31
301E,301.00,E,3,3,1,55,4.2,68.58
301E,301.00,E,3,3,1,41,2.5,69.85
301E,301.00,E,3,3,1,49,2.8,71.12
301E,301.00,E,3,3,1,57,2.8,71.12
301E,301.00,E,3,3,1,53,2.9,71.12
301E,301.00,E,3,3,1,59,2,72.39
301E,301.00,E,3,3,1,57,2.6,72.39
301E,301.00,E,3,3,1,55,2.2,73.66
301E,301.00,E,3,3,1,57,2.2,73.66
301E,301.00,E,3,3,1,55,3.1,73.66
301E,301.00,E,3,3,1,49,3.5,73.66
301E,301.00,E,3,3,1,49,4.6,73.66
301E,301.00,E,3,3,1,55,3.5,74.93
301E,301.00,E,3,3,1,57,2.6,76.20
301E,301.00,E,3,3,1,53,3.8,76.20
301E,301.00,E,3,3,1,59,3,77.47
301E,301.00,E,3,3,1,55,3.2,77.47
301E,301.00,E,3,3,1,59,2.4,78.74
301E,301.00,E,3,3,1,57,2.9,78.74
301E,301.00,E,3,3,1,53,3.2,78.74
301E,301.00,E,3,3,1,57,4.2,78.74
301E,301.00,E,3,3,1,49,3.6,80.01
301E,301.00,E,3,3,1,57,4.4,80.01
301E,301.00,E,3,3,1,59,2.6,81.28
301E,301.00,E,3,3,1,55,3,81.28
301E,301.00,E,3,3,1,57,3.1,81.28
301E,301.00,E,3,3,1,55,3.2,81.28
301E,301.00,E,3,3,1,57,3.3,81.28
301E,301.00,E,3,3,1,57,3,82.55
301E,301.00,E,3,3,1,51,4.5,82.55
301E,301.00,E,3,3,1,59,3.2,83.82
301E,301.00,E,3,3,1,57,3.7,83.82
301E,301.00,E,3,3,1,59,4.2,85.09
301E,301.00,E,3,3,1,59,3.3,86.36
301E,301.00,E,3,3,1,55,3.8,86.36
301E,301.00,E,3,3,1,57,3.3,88.90
301E,301.00,E,3,3,1,59,4.2,91.44
301E,301.00,E,3,3,1,55,2.9,93.98
301E,301.00,E,3,3,1,59,3.6,95.25
301E,301.00,E,3,3,1,59,3.2,97.79
301E,301.00,E,3,3,1,59,4,99.06
301E,301.00,E,3,3,1,55,4.7,99.06
301E,301.00,E,3,3,1,59,3.9,100.33
301E,301.00,E,3,3,1,59,4.9,101.60
301E,301.00,E,3,3,1,57,3.7,106.68
302E,302.00,E,3,1.5,2,49,0.7,25.40
302E,302.00,E,3,1.5,2,43,1.1,25.40
302E,302.00,E,3,1.5,2,53,1.1,25.40
302E,302.00,E,3,1.5,2,49,1.4,30.48
302E,302.00,E,3,1.5,2,49,0.9,33.02
302E,302.00,E,3,1.5,2,49,1.5,33.02
302E,302.00,E,3,1.5,2,49,1.3,35.56
302E,302.00,E,3,1.5,2,49,1.9,35.56
302E,302.00,E,3,1.5,2,41,1.3,36.83
302E,302.00,E,3,1.5,2,51,1.1,38.10
302E,302.00,E,3,1.5,2,45,1.8,38.10
302E,302.00,E,3,1.5,2,49,1.1,39.37
302E,302.00,E,3,1.5,2,59,1.5,40.64
302E,302.00,E,3,1.5,2,55,1.3,41.91
302E,302.00,E,3,1.5,2,49,1.4,43.18
302E,302.00,E,3,1.5,2,49,1.7,43.18
302E,302.00,E,3,1.5,2,49,1.3,44.45
302E,302.00,E,3,1.5,2,43,2.4,44.45
302E,302.00,E,3,1.5,2,59,1.6,45.72
302E,302.00,E,3,1.5,2,59,1.7,45.72
302E,302.00,E,3,1.5,2,51,1.2,48.26
302E,302.00,E,3,1.5,2,53,1.3,48.26
302E,302.00,E,3,1.5,2,55,1.3,48.26
302E,302.00,E,3,1.5,2,49,1.4,48.26
302E,302.00,E,3,1.5,2,49,1.5,48.26
302E,302.00,E,3,1.5,2,45,1.1,49.53
302E,302.00,E,3,1.5,2,55,1.6,52.07
302E,302.00,E,3,1.5,2,49,1.8,53.34
302E,302.00,E,3,1.5,2,45,2.6,53.34
302E,302.00,E,3,1.5,2,47,2.7,53.34
302E,302.00,E,3,1.5,2,55,1.1,54.61
302E,302.00,E,3,1.5,2,49,1.4,54.61
302E,302.00,E,3,1.5,2,53,1.1,55.88
302E,302.00,E,3,1.5,2,53,1.2,55.88
302E,302.00,E,3,1.5,2,51,2.1,58.42
302E,302.00,E,3,1.5,2,59,1.5,59.69
302E,302.00,E,3,1.5,2,55,2.1,59.69
302E,302.00,E,3,1.5,2,57,2,60.96
302E,302.00,E,3,1.5,2,59,2.1,60.96
302E,302.00,E,3,1.5,2,57,1.5,62.23
302E,302.00,E,3,1.5,2,59,1.9,62.23
302E,302.00,E,3,1.5,2,55,1.5,63.50
302E,302.00,E,3,1.5,2,59,2.1,63.50
302E,302.00,E,3,1.5,2,59,2.6,63.50
302E,302.00,E,3,1.5,2,55,2.7,63.50
302E,302.00,E,3,1.5,2,51,3.2,63.50
302E,302.00,E,3,1.5,2,55,1.6,66.04
302E,302.00,E,3,1.5,2,59,1.9,66.04
302E,302.00,E,3,1.5,2,59,2,66.04
302E,302.00,E,3,1.5,2,55,2.2,66.04
302E,302.00,E,3,1.5,2,55,2.5,66.04
302E,302.00,E,3,1.5,2,57,2.7,66.04
302E,302.00,E,3,1.5,2,55,3,66.04
302E,302.00,E,3,1.5,2,51,2.7,67.31
302E,302.00,E,3,1.5,2,55,3.2,68.58
302E,302.00,E,3,1.5,2,57,2.2,71.12
302E,302.00,E,3,1.5,2,55,2.3,71.12
302E,302.00,E,3,1.5,2,57,2.4,71.12
302E,302.00,E,3,1.5,2,59,2.7,71.12
302E,302.00,E,3,1.5,2,59,2.4,72.39
302E,302.00,E,3,1.5,2,53,2.3,73.66
302E,302.00,E,3,1.5,2,59,2.4,73.66
302E,302.00,E,3,1.5,2,59,2.4,73.66
302E,302.00,E,3,1.5,2,59,2.6,73.66
302E,302.00,E,3,1.5,2,49,3.4,73.66
302E,302.00,E,3,1.5,2,59,3.5,73.66
302E,302.00,E,3,1.5,2,51,2.3,74.93
302E,302.00,E,3,1.5,2,53,3.7,76.20
302E,302.00,E,3,1.5,2,57,3.3,77.47
302E,302.00,E,3,1.5,2,59,1.7,78.74
302E,302.00,E,3,1.5,2,55,1.8,78.74
302E,302.00,E,3,1.5,2,57,2.6,78.74
302E,302.00,E,3,1.5,2,53,2.7,78.74
302E,302.00,E,3,1.5,2,53,3.2,78.74
302E,302.00,E,3,1.5,2,53,3.6,81.28
302E,302.00,E,3,1.5,2,59,2.1,83.82
302E,302.00,E,3,1.5,2,59,3.5,86.36
302E,302.00,E,3,1.5,2,59,2.5,88.90
302E,302.00,E,3,1.5,2,55,2.6,88.90
302E,302.00,E,3,1.5,2,57,3,91.44
302E,302.00,E,3,1.5,2,59,3.2,91.44
302E,302.00,E,3,1.5,2,59,3,95.25
302E,302.00,E,3,1.5,2,57,3.5,95.25
302E,302.00,E,3,1.5,2,59,2.7,99.06
302E,302.00,E,3,1.5,2,57,3.3,99.06
302E,302.00,E,3,1.5,2,59,3.4,99.06
302E,302.00,E,3,1.5,2,59,2.7,102.87
302E,302.00,E,3,1.5,2,59,3.3,104.14
303E,303.00,E,3,0,3,47,0.3,15.24
303E,303.00,E,3,0,3,41,0.4,15.24
303E,303.00,E,3,0,3,41,1,17.78
303E,303.00,E,3,0,3,43,1.2,17.78
303E,303.00,E,3,0,3,43,0.6,19.05
303E,303.00,E,3,0,3,43,1.1,19.05
303E,303.00,E,3,0,3,43,1.1,19.05
303E,303.00,E,3,0,3,51,1.1,20.32
303E,303.00,E,3,0,3,41,1.7,22.86
303E,303.00,E,3,0,3,49,1,25.40
303E,303.00,E,3,0,3,47,1.2,25.40
303E,303.00,E,3,0,3,41,2.1,25.40
303E,303.00,E,3,0,3,41,2.4,25.40
303E,303.00,E,3,0,3,43,2.3,26.67
303E,303.00,E,3,0,3,45,1.2,27.94
303E,303.00,E,3,0,3,45,1.2,27.94
303E,303.00,E,3,0,3,41,1.3,27.94
303E,303.00,E,3,0,3,43,1.3,27.94
303E,303.00,E,3,0,3,49,1.3,27.94
303E,303.00,E,3,0,3,41,1.4,27.94
303E,303.00,E,3,0,3,49,1.5,27.94
303E,303.00,E,3,0,3,51,1.2,30.48
303E,303.00,E,3,0,3,47,1.4,30.48
303E,303.00,E,3,0,3,43,1.5,30.48
303E,303.00,E,3,0,3,45,1.7,30.48
303E,303.00,E,3,0,3,49,1.2,33.02
303E,303.00,E,3,0,3,47,1.3,33.02
303E,303.00,E,3,0,3,45,1.6,33.02
303E,303.00,E,3,0,3,49,1.7,33.02
303E,303.00,E,3,0,3,49,1.7,33.02
303E,303.00,E,3,0,3,43,1.9,33.02
303E,303.00,E,3,0,3,49,1.2,35.56
303E,303.00,E,3,0,3,49,1.2,35.56
303E,303.00,E,3,0,3,43,1.7,35.56
303E,303.00,E,3,0,3,49,1.8,35.56
303E,303.00,E,3,0,3,39,1.9,35.56
303E,303.00,E,3,0,3,47,1.4,38.10
303E,303.00,E,3,0,3,49,1.5,38.10
303E,303.00,E,3,0,3,43,1.6,38.10
303E,303.00,E,3,0,3,47,1.6,38.10
303E,303.00,E,3,0,3,47,1.7,38.10
303E,303.00,E,3,0,3,47,1.7,38.10
303E,303.00,E,3,0,3,49,1.7,38.10
303E,303.00,E,3,0,3,55,1.8,38.10
303E,303.00,E,3,0,3,49,2.1,39.37
303E,303.00,E,3,0,3,45,1.7,40.64
303E,303.00,E,3,0,3,51,1.7,40.64
303E,303.00,E,3,0,3,43,1.9,40.64
303E,303.00,E,3,0,3,47,1.9,40.64
303E,303.00,E,3,0,3,49,2.6,40.64
303E,303.00,E,3,0,3,47,1.6,41.91
303E,303.00,E,3,0,3,51,2,43.18
303E,303.00,E,3,0,3,47,2.1,43.18
303E,303.00,E,3,0,3,45,2.3,43.18
303E,303.00,E,3,0,3,49,2.4,43.18
303E,303.00,E,3,0,3,49,2,44.45
303E,303.00,E,3,0,3,49,1.4,46.99
303E,303.00,E,3,0,3,49,1.2,48.26
303E,303.00,E,3,0,3,49,1.4,48.26
303E,303.00,E,3,0,3,49,1.7,48.26
303E,303.00,E,3,0,3,55,1.7,48.26
303E,303.00,E,3,0,3,57,2.7,48.26
303E,303.00,E,3,0,3,49,2.1,49.53
303E,303.00,E,3,0,3,49,1.5,50.80
303E,303.00,E,3,0,3,53,1.7,50.80
303E,303.00,E,3,0,3,57,1.7,50.80
303E,303.00,E,3,0,3,49,1.9,50.80
303E,303.00,E,3,0,3,57,3,50.80
303E,303.00,E,3,0,3,57,1.5,53.34
303E,303.00,E,3,0,3,55,2.1,53.34
303E,303.00,E,3,0,3,47,2.6,53.34
303E,303.00,E,3,0,3,55,2.7,53.34
303E,303.00,E,3,0,3,59,2,55.88
303E,303.00,E,3,0,3,47,2.1,55.88
303E,303.00,E,3,0,3,51,2.2,55.88
303E,303.00,E,3,0,3,45,2.4,55.88
303E,303.00,E,3,0,3,53,2.3,58.42
303E,303.00,E,3,0,3,55,2.5,58.42
303E,303.00,E,3,0,3,55,2.5,63.50
303E,303.00,E,3,0,3,49,3,63.50
303E,303.00,E,3,0,3,47,3.6,63.50
303E,303.00,E,3,0,3,51,2.8,64.77
303E,303.00,E,3,0,3,53,3.5,71.12
401E,401.00,E,4,0,1,45,0.7,8.89
401E,401.00,E,4,0,1,45,0.9,17.78
401E,401.00,E,4,0,1,41,1,20.32
401E,401.00,E,4,0,1,41,1.5,20.32
401E,401.00,E,4,0,1,43,1.5,20.32
401E,401.00,E,4,0,1,45,1.5,20.32
401E,401.00,E,4,0,1,41,1.6,20.32
401E,401.00,E,4,0,1,45,1.1,22.86
401E,401.00,E,4,0,1,47,1.3,26.67
401E,401.00,E,4,0,1,45,1.8,27.94
401E,401.00,E,4,0,1,47,1.2,29.21
401E,401.00,E,4,0,1,49,1.5,30.48
401E,401.00,E,4,0,1,43,1.5,31.75
401E,401.00,E,4,0,1,47,1.6,31.75
401E,401.00,E,4,0,1,49,1.7,31.75
401E,401.00,E,4,0,1,51,0.9,33.02
401E,401.00,E,4,0,1,55,1,33.02
401E,401.00,E,4,0,1,49,1.2,33.02
401E,401.00,E,4,0,1,43,1.4,33.02
401E,401.00,E,4,0,1,49,1.4,33.02
401E,401.00,E,4,0,1,49,1.4,33.02
401E,401.00,E,4,0,1,43,1.7,33.02
401E,401.00,E,4,0,1,45,1.7,33.02
401E,401.00,E,4,0,1,45,1.9,33.02
401E,401.00,E,4,0,1,51,2.1,34.29
401E,401.00,E,4,0,1,49,1.6,35.56
401E,401.00,E,4,0,1,49,1.6,35.56
401E,401.00,E,4,0,1,53,1.7,35.56
401E,401.00,E,4,0,1,55,1.5,38.10
401E,401.00,E,4,0,1,49,1.8,38.10
401E,401.00,E,4,0,1,45,2.7,38.10
401E,401.00,E,4,0,1,49,2,39.37
401E,401.00,E,4,0,1,45,1.8,40.64
401E,401.00,E,4,0,1,47,1.9,40.64
401E,401.00,E,4,0,1,53,2.3,40.64
401E,401.00,E,4,0,1,49,2.4,40.64
401E,401.00,E,4,0,1,49,1.6,43.18
401E,401.00,E,4,0,1,49,1.7,44.45
401E,401.00,E,4,0,1,49,1.9,45.72
401E,401.00,E,4,0,1,53,1.9,45.72
401E,401.00,E,4,0,1,49,2.6,45.72
401E,401.00,E,4,0,1,55,1.4,46.99
401E,401.00,E,4,0,1,53,1.5,46.99
401E,401.00,E,4,0,1,51,1.7,46.99
401E,401.00,E,4,0,1,55,1.6,48.26
401E,401.00,E,4,0,1,47,1.7,48.26
401E,401.00,E,4,0,1,49,2.1,48.26
401E,401.00,E,4,0,1,45,2.4,48.26
401E,401.00,E,4,0,1,49,1.7,50.80
401E,401.00,E,4,0,1,59,1.9,50.80
401E,401.00,E,4,0,1,45,3,50.80
401E,401.00,E,4,0,1,53,1.6,53.34
401E,401.00,E,4,0,1,49,2.4,53.34
401E,401.00,E,4,0,1,49,2.4,53.34
401E,401.00,E,4,0,1,55,2.4,53.34
401E,401.00,E,4,0,1,51,1.9,54.61
401E,401.00,E,4,0,1,59,2,54.61
401E,401.00,E,4,0,1,49,2.4,54.61
401E,401.00,E,4,0,1,51,2.5,54.61
401E,401.00,E,4,0,1,55,1.8,55.88
401E,401.00,E,4,0,1,49,2,55.88
401E,401.00,E,4,0,1,53,2.7,55.88
401E,401.00,E,4,0,1,53,3,55.88
401E,401.00,E,4,0,1,49,3.3,55.88
401E,401.00,E,4,0,1,57,3,57.15
401E,401.00,E,4,0,1,57,1.1,58.42
401E,401.00,E,4,0,1,59,1.6,58.42
401E,401.00,E,4,0,1,51,2.3,58.42
401E,401.00,E,4,0,1,57,2.4,58.42
401E,401.00,E,4,0,1,53,2.6,58.42
401E,401.00,E,4,0,1,57,2.7,58.42
401E,401.00,E,4,0,1,49,3,58.42
401E,401.00,E,4,0,1,41,3.4,58.42
401E,401.00,E,4,0,1,55,2.5,59.69
401E,401.00,E,4,0,1,59,1.8,60.96
401E,401.00,E,4,0,1,57,2.4,60.96
401E,401.00,E,4,0,1,55,3.2,60.96
401E,401.00,E,4,0,1,57,2.7,62.23
401E,401.00,E,4,0,1,49,3.9,62.23
401E,401.00,E,4,0,1,59,1.8,63.50
401E,401.00,E,4,0,1,59,1.8,63.50
401E,401.00,E,4,0,1,57,2.2,63.50
401E,401.00,E,4,0,1,59,2.2,63.50
401E,401.00,E,4,0,1,59,2.4,63.50
401E,401.00,E,4,0,1,53,3.4,64.77
401E,401.00,E,4,0,1,49,2.4,66.04
401E,401.00,E,4,0,1,59,2.4,66.04
401E,401.00,E,4,0,1,51,3.2,66.04
401E,401.00,E,4,0,1,55,3.2,67.31
401E,401.00,E,4,0,1,55,3.6,67.31
401E,401.00,E,4,0,1,59,2.9,68.58
401E,401.00,E,4,0,1,53,3.1,68.58
401E,401.00,E,4,0,1,55,3.5,68.58
401E,401.00,E,4,0,1,53,4.1,68.58
401E,401.00,E,4,0,1,59,2.6,71.12
401E,401.00,E,4,0,1,55,3,71.12
401E,401.00,E,4,0,1,59,3,71.12
401E,401.00,E,4,0,1,57,3,72.39
401E,401.00,E,4,0,1,55,3.2,73.66
401E,401.00,E,4,0,1,59,3,77.47
401E,401.00,E,4,0,1,59,3.1,78.74
401E,401.00,E,4,0,1,57,3.4,78.74
402E,402.00,E,4,3,2,41,0.7,17.78
402E,402.00,E,4,3,2,45,1.2,17.78
402E,402.00,E,4,3,2,45,0.4,19.05
402E,402.00,E,4,3,2,45,1,20.32
402E,402.00,E,4,3,2,45,1.2,20.32
402E,402.00,E,4,3,2,47,1.8,20.32
402E,402.00,E,4,3,2,47,1,21.59
402E,402.00,E,4,3,2,47,1,21.59
402E,402.00,E,4,3,2,45,1.4,21.59
402E,402.00,E,4,3,2,35,0.7,22.86
402E,402.00,E,4,3,2,47,0.7,22.86
402E,402.00,E,4,3,2,41,0.9,22.86
402E,402.00,E,4,3,2,41,1.7,22.86
402E,402.00,E,4,3,2,49,1.8,22.86
402E,402.00,E,4,3,2,41,2.1,22.86
402E,402.00,E,4,3,2,45,2.3,22.86
402E,402.00,E,4,3,2,41,1.2,24.13
402E,402.00,E,4,3,2,47,1.4,24.13
402E,402.00,E,4,3,2,41,1.2,25.40
402E,402.00,E,4,3,2,41,1.3,25.40
402E,402.00,E,4,3,2,17,1.1,27.94
402E,402.00,E,4,3,2,45,1.1,27.94
402E,402.00,E,4,3,2,51,1.1,27.94
402E,402.00,E,4,3,2,45,1.3,27.94
402E,402.00,E,4,3,2,47,1.5,27.94
402E,402.00,E,4,3,2,49,2,27.94
402E,402.00,E,4,3,2,47,1.1,29.21
402E,402.00,E,4,3,2,45,1.7,29.21
402E,402.00,E,4,3,2,45,1.6,30.48
402E,402.00,E,4,3,2,45,1.7,30.48
402E,402.00,E,4,3,2,41,2.1,31.75
402E,402.00,E,4,3,2,45,1,33.02
402E,402.00,E,4,3,2,49,1.3,33.02
402E,402.00,E,4,3,2,45,1.5,33.02
402E,402.00,E,4,3,2,47,1.8,33.02
402E,402.00,E,4,3,2,49,1.8,34.29
402E,402.00,E,4,3,2,47,1.4,35.56
402E,402.00,E,4,3,2,45,1.7,35.56
402E,402.00,E,4,3,2,47,2,35.56
402E,402.00,E,4,3,2,47,2.5,35.56
402E,402.00,E,4,3,2,47,2,36.83
402E,402.00,E,4,3,2,49,2.5,36.83
402E,402.00,E,4,3,2,47,1.3,38.10
402E,402.00,E,4,3,2,47,1.4,38.10
402E,402.00,E,4,3,2,47,1.7,38.10
402E,402.00,E,4,3,2,49,1.8,38.10
402E,402.00,E,4,3,2,49,2.4,38.10
402E,402.00,E,4,3,2,47,1.4,39.37
402E,402.00,E,4,3,2,51,1.4,39.37
402E,402.00,E,4,3,2,49,1.5,39.37
402E,402.00,E,4,3,2,49,1.8,40.64
402E,402.00,E,4,3,2,49,1.8,40.64
402E,402.00,E,4,3,2,47,2,40.64
402E,402.00,E,4,3,2,43,2.5,40.64
402E,402.00,E,4,3,2,55,1.3,43.18
402E,402.00,E,4,3,2,47,1.6,43.18
402E,402.00,E,4,3,2,43,2.2,43.18
402E,402.00,E,4,3,2,45,2.2,43.18
402E,402.00,E,4,3,2,49,2.2,43.18
402E,402.00,E,4,3,2,47,2.5,43.18
402E,402.00,E,4,3,2,51,2.5,43.18
402E,402.00,E,4,3,2,49,1.5,44.45
402E,402.00,E,4,3,2,55,1.6,44.45
402E,402.00,E,4,3,2,53,2.1,44.45
402E,402.00,E,4,3,2,47,2.4,44.45
402E,402.00,E,4,3,2,45,1.9,45.72
402E,402.00,E,4,3,2,47,2.3,45.72
402E,402.00,E,4,3,2,47,2.4,45.72
402E,402.00,E,4,3,2,49,2.4,45.72
402E,402.00,E,4,3,2,53,2.4,45.72
402E,402.00,E,4,3,2,47,2.5,46.99
402E,402.00,E,4,3,2,53,2.6,48.26
402E,402.00,E,4,3,2,49,3.6,48.26
402E,402.00,E,4,3,2,53,2.5,50.80
402E,402.00,E,4,3,2,49,2.3,53.34
402E,402.00,E,4,3,2,57,3,53.34
402E,402.00,E,4,3,2,49,2.7,54.61
402E,402.00,E,4,3,2,45,3,54.61
402E,402.00,E,4,3,2,55,2.4,55.88
402E,402.00,E,4,3,2,53,2.7,55.88
402E,402.00,E,4,3,2,49,3,58.42
402E,402.00,E,4,3,2,53,2.5,63.50
402E,402.00,E,4,3,2,49,3.5,68.58
403E,403.00,E,4,1.5,3,45,0.7,22.86
403E,403.00,E,4,1.5,3,45,1,24.13
403E,403.00,E,4,1.5,3,49,1.3,27.94
403E,403.00,E,4,1.5,3,49,1.1,30.48
403E,403.00,E,4,1.5,3,53,1.4,36.83
403E,403.00,E,4,1.5,3,51,1.1,38.10
403E,403.00,E,4,1.5,3,53,1.2,38.10
403E,403.00,E,4,1.5,3,55,1.2,38.10
403E,403.00,E,4,1.5,3,51,1.4,38.10
403E,403.00,E,4,1.5,3,49,1.4,40.64
403E,403.00,E,4,1.5,3,49,1.7,40.64
403E,403.00,E,4,1.5,3,49,1.8,40.64
403E,403.00,E,4,1.5,3,49,1.9,40.64
403E,403.00,E,4,1.5,3,51,2,44.45
403E,403.00,E,4,1.5,3,49,1.9,45.72
403E,403.00,E,4,1.5,3,55,2,45.72
403E,403.00,E,4,1.5,3,49,1.6,46.99
403E,403.00,E,4,1.5,3,53,1,48.26
403E,403.00,E,4,1.5,3,49,2.1,48.26
403E,403.00,E,4,1.5,3,49,2.1,50.80
403E,403.00,E,4,1.5,3,49,2.1,50.80
403E,403.00,E,4,1.5,3,51,2.4,53.34
403E,403.00,E,4,1.5,3,51,2.4,55.88
403E,403.00,E,4,1.5,3,59,1.1,57.15
403E,403.00,E,4,1.5,3,49,1.9,57.15
403E,403.00,E,4,1.5,3,51,2.4,57.15
403E,403.00,E,4,1.5,3,59,2.1,58.42
403E,403.00,E,4,1.5,3,59,2.4,59.69
403E,403.00,E,4,1.5,3,47,1.6,60.96
403E,403.00,E,4,1.5,3,53,2.4,60.96
403E,403.00,E,4,1.5,3,59,2.4,62.23
403E,403.00,E,4,1.5,3,53,2.4,63.50
403E,403.00,E,4,1.5,3,51,2.6,63.50
403E,403.00,E,4,1.5,3,53,2.6,64.77
403E,403.00,E,4,1.5,3,57,2.6,66.04
403E,403.00,E,4,1.5,3,59,2.6,66.04
403E,403.00,E,4,1.5,3,59,2.8,66.04
403E,403.00,E,4,1.5,3,57,2.8,68.58
403E,403.00,E,4,1.5,3,53,3.5,68.58
403E,403.00,E,4,1.5,3,57,2.5,71.12
403E,403.00,E,4,1.5,3,55,3,71.12
403E,403.00,E,4,1.5,3,57,3,71.12
403E,403.00,E,4,1.5,3,57,3.6,71.12
403E,403.00,E,4,1.5,3,53,3,72.39
403E,403.00,E,4,1.5,3,57,3.2,72.39
403E,403.00,E,4,1.5,3,57,3.3,72.39
403E,403.00,E,4,1.5,3,57,2.6,73.66
403E,403.00,E,4,1.5,3,59,2.6,73.66
403E,403.00,E,4,1.5,3,55,2.7,73.66
403E,403.00,E,4,1.5,3,55,3,73.66
403E,403.00,E,4,1.5,3,55,3.3,74.93
403E,403.00,E,4,1.5,3,53,2.5,76.20
403E,403.00,E,4,1.5,3,57,3.4,77.47
403E,403.00,E,4,1.5,3,55,3.4,78.74
403E,403.00,E,4,1.5,3,57,3.4,78.74
403E,403.00,E,4,1.5,3,53,3.6,80.01
403E,403.00,E,4,1.5,3,59,2.7,81.28
403E,403.00,E,4,1.5,3,57,2.8,81.28
403E,403.00,E,4,1.5,3,55,3.1,81.28
403E,403.00,E,4,1.5,3,59,2.9,82.55
403E,403.00,E,4,1.5,3,59,3,83.82
403E,403.00,E,4,1.5,3,57,3.2,83.82
403E,403.00,E,4,1.5,3,55,3.4,83.82
403E,403.00,E,4,1.5,3,59,3.6,83.82
403E,403.00,E,4,1.5,3,55,3.3,85.09
403E,403.00,E,4,1.5,3,55,3.9,85.09
403E,403.00,E,4,1.5,3,55,4.1,86.36
403E,403.00,E,4,1.5,3,55,3.4,88.90
403E,403.00,E,4,1.5,3,59,3.4,96.52
501E,501.00,E,5,3,1,59,3,86.36
501E,501.00,E,5,3,1,45,1.7,39.37
501E,501.00,E,5,3,1,51,1,40.64
501E,501.00,E,5,3,1,51,1.7,48.26
501E,501.00,E,5,3,1,55,1.8,54.61
501E,501.00,E,5,3,1,59,2.4,57.15
501E,501.00,E,5,3,1,51,1.8,58.42
501E,501.00,E,5,3,1,59,2.3,58.42
501E,501.00,E,5,3,1,59,2.2,60.96
501E,501.00,E,5,3,1,59,1.5,63.50
501E,501.00,E,5,3,1,59,1.6,63.50
501E,501.00,E,5,3,1,59,2.3,63.50
501E,501.00,E,5,3,1,59,2.4,63.50
501E,501.00,E,5,3,1,55,2.4,66.04
501E,501.00,E,5,3,1,49,2.6,66.04
501E,501.00,E,5,3,1,59,2,68.58
501E,501.00,E,5,3,1,59,2.5,68.58
501E,501.00,E,5,3,1,55,2.7,69.85
501E,501.00,E,5,3,1,59,1.5,71.12
501E,501.00,E,5,3,1,59,1.9,71.12
501E,501.00,E,5,3,1,57,2,71.12
501E,501.00,E,5,3,1,59,1.9,73.66
501E,501.00,E,5,3,1,59,2.3,73.66
501E,501.00,E,5,3,1,57,3,73.66
501E,501.00,E,5,3,1,59,3,73.66
501E,501.00,E,5,3,1,59,3.2,73.66
501E,501.00,E,5,3,1,57,2.4,74.93
501E,501.00,E,5,3,1,59,2.1,76.20
501E,501.00,E,5,3,1,55,2.4,76.20
501E,501.00,E,5,3,1,59,2.6,76.20
501E,501.00,E,5,3,1,59,3.1,76.20
501E,501.00,E,5,3,1,53,3.6,76.20
501E,501.00,E,5,3,1,55,4,76.20
501E,501.00,E,5,3,1,57,3.5,77.47
501E,501.00,E,5,3,1,59,2.3,78.74
501E,501.00,E,5,3,1,57,3.2,78.74
501E,501.00,E,5,3,1,59,2.7,80.01
501E,501.00,E,5,3,1,57,2.7,81.28
501E,501.00,E,5,3,1,59,3.2,81.28
501E,501.00,E,5,3,1,49,4.2,81.28
501E,501.00,E,5,3,1,59,2.5,82.55
501E,501.00,E,5,3,1,59,3.3,82.55
501E,501.00,E,5,3,1,53,2.6,83.82
501E,501.00,E,5,3,1,59,2.6,83.82
501E,501.00,E,5,3,1,57,3.3,83.82
501E,501.00,E,5,3,1,55,3.6,83.82
501E,501.00,E,5,3,1,55,3.6,83.82
501E,501.00,E,5,3,1,57,2.4,85.09
501E,501.00,E,5,3,1,55,2.1,86.36
501E,501.00,E,5,3,1,59,3,86.36
501E,501.00,E,5,3,1,55,3.9,86.36
501E,501.00,E,5,3,1,55,4.2,86.36
501E,501.00,E,5,3,1,57,3,87.63
501E,501.00,E,5,3,1,55,3.1,87.63
501E,501.00,E,5,3,1,59,3.1,87.63
501E,501.00,E,5,3,1,59,3.4,87.63
501E,501.00,E,5,3,1,51,2.8,88.90
501E,501.00,E,5,3,1,53,3.7,88.90
501E,501.00,E,5,3,1,57,3.7,88.90
501E,501.00,E,5,3,1,59,3,90.17
501E,501.00,E,5,3,1,55,3,91.44
501E,501.00,E,5,3,1,59,3.3,91.44
501E,501.00,E,5,3,1,57,3.6,91.44
501E,501.00,E,5,3,1,59,2.3,92.71
501E,501.00,E,5,3,1,59,3.2,92.71
501E,501.00,E,5,3,1,59,3.3,92.71
501E,501.00,E,5,3,1,57,4.4,92.71
501E,501.00,E,5,3,1,59,3,93.98
501E,501.00,E,5,3,1,59,3.2,93.98
501E,501.00,E,5,3,1,57,3,95.25
501E,501.00,E,5,3,1,59,3.7,95.25
501E,501.00,E,5,3,1,57,3.8,95.25
501E,501.00,E,5,3,1,59,3.2,96.52
501E,501.00,E,5,3,1,59,3.7,96.52
501E,501.00,E,5,3,1,57,3.2,97.79
501E,501.00,E,5,3,1,59,3.8,99.06
501E,501.00,E,5,3,1,57,3.9,99.06
501E,501.00,E,5,3,1,59,3.9,99.06
501E,501.00,E,5,3,1,59,4.2,101.60
501E,501.00,E,5,3,1,59,3.8,102.87
501E,501.00,E,5,3,1,59,3.8,102.87
501E,501.00,E,5,3,1,59,3.3,104.14
501E,501.00,E,5,3,1,57,4.2,104.14
502E,502.00,E,5,0,2,45,0.5,17.78
502E,502.00,E,5,0,2,45,1,17.78
502E,502.00,E,5,0,2,49,1.3,17.78
502E,502.00,E,5,0,2,51,0.9,20.32
502E,502.00,E,5,0,2,41,1.1,20.32
502E,502.00,E,5,0,2,47,1.5,20.32
502E,502.00,E,5,0,2,45,1.5,22.86
502E,502.00,E,5,0,2,47,1,25.40
502E,502.00,E,5,0,2,45,1.4,26.67
502E,502.00,E,5,0,2,45,1.8,27.94
502E,502.00,E,5,0,2,49,1,29.21
502E,502.00,E,5,0,2,45,1.7,29.21
502E,502.00,E,5,0,2,51,1.7,29.21
502E,502.00,E,5,0,2,59,1.2,30.48
502E,502.00,E,5,0,2,51,1.3,30.48
502E,502.00,E,5,0,2,45,1.4,30.48
502E,502.00,E,5,0,2,47,1.4,30.48
502E,502.00,E,5,0,2,45,1.5,31.75
502E,502.00,E,5,0,2,59,1.4,33.02
502E,502.00,E,5,0,2,49,1.5,33.02
502E,502.00,E,5,0,2,51,1.7,33.02
502E,502.00,E,5,0,2,57,1.7,33.02
502E,502.00,E,5,0,2,45,1.9,33.02
502E,502.00,E,5,0,2,47,2,33.02
502E,502.00,E,5,0,2,45,2.1,33.02
502E,502.00,E,5,0,2,47,1.2,35.56
502E,502.00,E,5,0,2,51,1.3,35.56
502E,502.00,E,5,0,2,47,1.9,35.56
502E,502.00,E,5,0,2,47,2.3,35.56
502E,502.00,E,5,0,2,47,2.3,36.83
502E,502.00,E,5,0,2,51,1.4,38.10
502E,502.00,E,5,0,2,49,1.8,38.10
502E,502.00,E,5,0,2,53,2.1,38.10
502E,502.00,E,5,0,2,53,1.4,39.37
502E,502.00,E,5,0,2,53,1.4,40.64
502E,502.00,E,5,0,2,47,1.9,40.64
502E,502.00,E,5,0,2,51,2,40.64
502E,502.00,E,5,0,2,49,2.5,41.91
502E,502.00,E,5,0,2,49,2.6,41.91
502E,502.00,E,5,0,2,47,1.2,43.18
502E,502.00,E,5,0,2,49,1.4,43.18
502E,502.00,E,5,0,2,51,1.7,43.18
502E,502.00,E,5,0,2,59,1.7,43.18
502E,502.00,E,5,0,2,49,2.4,43.18
502E,502.00,E,5,0,2,55,2.4,43.18
502E,502.00,E,5,0,2,55,1.9,45.72
502E,502.00,E,5,0,2,49,2,45.72
502E,502.00,E,5,0,2,53,2.1,45.72
502E,502.00,E,5,0,2,49,2.3,45.72
502E,502.00,E,5,0,2,55,2.5,45.72
502E,502.00,E,5,0,2,51,1.7,48.26
502E,502.00,E,5,0,2,53,1.7,48.26
502E,502.00,E,5,0,2,51,2,48.26
502E,502.00,E,5,0,2,53,2.5,48.26
502E,502.00,E,5,0,2,57,2.5,48.26
502E,502.00,E,5,0,2,59,2.6,48.26
502E,502.00,E,5,0,2,49,2.7,48.26
502E,502.00,E,5,0,2,45,3,48.26
502E,502.00,E,5,0,2,47,3,48.26
502E,502.00,E,5,0,2,55,3,48.26
502E,502.00,E,5,0,2,55,1.8,50.80
502E,502.00,E,5,0,2,51,2.4,50.80
502E,502.00,E,5,0,2,51,2.5,50.80
502E,502.00,E,5,0,2,45,2.6,50.80
502E,502.00,E,5,0,2,55,2,52.07
502E,502.00,E,5,0,2,55,1.2,53.34
502E,502.00,E,5,0,2,49,2,53.34
502E,502.00,E,5,0,2,47,2.5,53.34
502E,502.00,E,5,0,2,45,2.4,54.61
502E,502.00,E,5,0,2,59,2.4,54.61
502E,502.00,E,5,0,2,53,2.3,55.88
502E,502.00,E,5,0,2,53,3,55.88
502E,502.00,E,5,0,2,57,2,58.42
502E,502.00,E,5,0,2,49,2.4,58.42
502E,502.00,E,5,0,2,45,3,58.42
502E,502.00,E,5,0,2,59,2.4,59.69
502E,502.00,E,5,0,2,57,1.7,60.96
502E,502.00,E,5,0,2,55,3,62.23
502E,502.00,E,5,0,2,53,2,63.50
502E,502.00,E,5,0,2,55,2.1,63.50
502E,502.00,E,5,0,2,53,3,63.50
502E,502.00,E,5,0,2,55,3,63.50
502E,502.00,E,5,0,2,57,3.6,63.50
502E,502.00,E,5,0,2,53,3.1,64.77
502E,502.00,E,5,0,2,53,2.7,66.04
502E,502.00,E,5,0,2,57,2.5,68.58
502E,502.00,E,5,0,2,57,2.6,72.39
502E,502.00,E,5,0,2,59,2.6,74.93
502E,502.00,E,5,0,2,55,3,76.20
503E,503.00,E,5,1.5,3,53,0.9,27.94
503E,503.00,E,5,1.5,3,47,2.1,30.48
503E,503.00,E,5,1.5,3,55,1,33.02
503E,503.00,E,5,1.5,3,55,1.1,33.02
503E,503.00,E,5,1.5,3,59,1.1,33.02
503E,503.00,E,5,1.5,3,55,1.7,33.02
503E,503.00,E,5,1.5,3,55,1,34.29
503E,503.00,E,5,1.5,3,59,1.1,35.56
503E,503.00,E,5,1.5,3,45,2.3,38.10
503E,503.00,E,5,1.5,3,55,1.4,43.18
503E,503.00,E,5,1.5,3,55,1.7,44.45
503E,503.00,E,5,1.5,3,49,1.2,45.72
503E,503.00,E,5,1.5,3,53,1.6,45.72
503E,503.00,E,5,1.5,3,55,2.1,45.72
503E,503.00,E,5,1.5,3,59,1.9,46.99
503E,503.00,E,5,1.5,3,53,0.9,48.26
503E,503.00,E,5,1.5,3,49,1.1,48.26
503E,503.00,E,5,1.5,3,55,2,49.53
503E,503.00,E,5,1.5,3,59,1.4,53.34
503E,503.00,E,5,1.5,3,49,1.7,53.34
503E,503.00,E,5,1.5,3,59,1.3,54.61
503E,503.00,E,5,1.5,3,59,1.9,54.61
503E,503.00,E,5,1.5,3,59,1.5,55.88
503E,503.00,E,5,1.5,3,55,1.9,55.88
503E,503.00,E,5,1.5,3,55,2,55.88
503E,503.00,E,5,1.5,3,59,1.1,58.42
503E,503.00,E,5,1.5,3,59,1.4,58.42
503E,503.00,E,5,1.5,3,59,1.6,58.42
503E,503.00,E,5,1.5,3,57,1.4,60.96
503E,503.00,E,5,1.5,3,57,1.7,60.96
503E,503.00,E,5,1.5,3,53,3.7,62.23
503E,503.00,E,5,1.5,3,55,1.8,63.50
503E,503.00,E,5,1.5,3,49,2.3,63.50
503E,503.00,E,5,1.5,3,59,1.4,66.04
503E,503.00,E,5,1.5,3,55,2,66.04
503E,503.00,E,5,1.5,3,57,2.1,66.04
503E,503.00,E,5,1.5,3,57,2.3,66.04
503E,503.00,E,5,1.5,3,55,2.4,66.04
503E,503.00,E,5,1.5,3,55,2.3,67.31
503E,503.00,E,5,1.5,3,59,1.2,68.58
503E,503.00,E,5,1.5,3,59,1.6,68.58
503E,503.00,E,5,1.5,3,55,1.8,68.58
503E,503.00,E,5,1.5,3,59,1.8,68.58
503E,503.00,E,5,1.5,3,59,3,68.58
503E,503.00,E,5,1.5,3,51,3.2,68.58
503E,503.00,E,5,1.5,3,55,2.3,71.12
503E,503.00,E,5,1.5,3,59,2.4,71.12
503E,503.00,E,5,1.5,3,59,2.4,71.12
503E,503.00,E,5,1.5,3,59,3.1,71.12
503E,503.00,E,5,1.5,3,53,3,72.39
503E,503.00,E,5,1.5,3,55,2,73.66
503E,503.00,E,5,1.5,3,59,2,73.66
503E,503.00,E,5,1.5,3,59,2.1,73.66
503E,503.00,E,5,1.5,3,47,2.4,73.66
503E,503.00,E,5,1.5,3,59,2.5,73.66
503E,503.00,E,5,1.5,3,51,2.7,73.66
503E,503.00,E,5,1.5,3,59,2.6,74.93
503E,503.00,E,5,1.5,3,59,2,76.20
503E,503.00,E,5,1.5,3,59,2.5,76.20
503E,503.00,E,5,1.5,3,59,3.9,76.20
503E,503.00,E,5,1.5,3,55,2.6,77.47
503E,503.00,E,5,1.5,3,59,2,78.74
503E,503.00,E,5,1.5,3,57,2.6,78.74
503E,503.00,E,5,1.5,3,59,2.5,80.01
503E,503.00,E,5,1.5,3,51,2,81.28
503E,503.00,E,5,1.5,3,59,2.4,81.28
503E,503.00,E,5,1.5,3,55,3,81.28
503E,503.00,E,5,1.5,3,57,3,82.55
503E,503.00,E,5,1.5,3,59,2.6,86.36
503E,503.00,E,5,1.5,3,59,3.5,86.36
503E,503.00,E,5,1.5,3,57,3,87.63
503E,503.00,E,5,1.5,3,59,3.1,88.90
503E,503.00,E,5,1.5,3,57,3.3,88.90
503E,503.00,E,5,1.5,3,57,3,93.98
503E,503.00,E,5,1.5,3,59,3,93.98
503E,503.00,E,5,1.5,3,59,3.3,95.25
503E,503.00,E,5,1.5,3,59,3.3,95.25
503E,503.00,E,5,1.5,3,57,3.4,95.25
503E,503.00,E,5,1.5,3,59,3,99.06
503E,503.00,E,5,1.5,3,57,3.2,99.06
503L,503.00,L,5,1.5,3,69,3.41,142.24
503L,503.00,L,5,1.5,3,67,2.92,124.46
503L,503.00,L,5,1.5,3,67,2.35,121.92
503L,503.00,L,5,1.5,3,69,0.72,71.12
503L,503.00,L,5,1.5,3,69,0.96,116.84
503L,503.00,L,5,1.5,3,69,1.59,93.98
503L,503.00,L,5,1.5,3,69,1.16,73.66
503L,503.00,L,5,1.5,3,69,0.73,68.58
503L,503.00,L,5,1.5,3,67,1.71,101.60
503L,503.00,L,5,1.5,3,69,1.85,81.28
503L,503.00,L,5,1.5,3,69,2.97,139.70
503L,503.00,L,5,1.5,3,69,2.38,114.30
503L,503.00,L,5,1.5,3,69,2.42,119.38
503L,503.00,L,5,1.5,3,69,2.67,134.62
503L,503.00,L,5,1.5,3,69,1.63,104.14
503L,503.00,L,5,1.5,3,65,0.77,60.96
503L,503.00,L,5,1.5,3,69,1.02,86.36
503L,503.00,L,5,1.5,3,69,1.25,83.82
503L,503.00,L,5,1.5,3,69,2.4,119.38
503L,503.00,L,5,1.5,3,69,2.91,137.16
503L,503.00,L,5,1.5,3,69,2.56,114.30
503L,503.00,L,5,1.5,3,69,1.2,83.82
503L,503.00,L,5,1.5,3,61,1.04,40.64
503L,503.00,L,5,1.5,3,67,1.44,101.60
503L,503.00,L,5,1.5,3,69,1.82,111.76
503L,503.00,L,5,1.5,3,59,1.66,68.58
503L,503.00,L,5,1.5,3,69,2.64,132.08
503L,503.00,L,5,1.5,3,67,3.34,144.78
503L,503.00,L,5,1.5,3,69,2.51,124.46
503L,503.00,L,5,1.5,3,65,0.79,58.42
503L,503.00,L,5,1.5,3,69,2.78,129.54
503L,503.00,L,5,1.5,3,63,2.73,134.62
503L,503.00,L,5,1.5,3,71,0.77,48.26
503L,503.00,L,5,1.5,3,69,2.32,114.30
503L,503.00,L,5,1.5,3,69,1.89,111.76
503L,503.00,L,5,1.5,3,69,3.12,137.16
503L,503.00,L,5,1.5,3,69,2.35,124.46
503L,503.00,L,5,1.5,3,69,2.01,109.22
503L,503.00,L,5,1.5,3,69,2.49,127.00
503L,503.00,L,5,1.5,3,69,1.77,99.06
503L,503.00,L,5,1.5,3,67,1.89,109.22
503L,503.00,L,5,1.5,3,67,2.75,124.46
503L,503.00,L,5,1.5,3,65,2.4,111.76
503L,503.00,L,5,1.5,3,67,3.16,129.54
503L,503.00,L,5,1.5,3,65,1.21,76.20
503L,503.00,L,5,1.5,3,69,1.52,88.90
503L,503.00,L,5,1.5,3,65,1.9,91.44
503L,503.00,L,5,1.5,3,65,1.5,81.28
503L,503.00,L,5,1.5,3,67,1.35,96.52
503L,503.00,L,5,1.5,3,69,1.91,86.36
503L,503.00,L,5,1.5,3,67,1.23,93.98
503L,503.00,L,5,1.5,3,65,1.91,60.96
503L,503.00,L,5,1.5,3,69,1.43,91.44
503L,503.00,L,5,1.5,3,69,2.72,137.16
503L,503.00,L,5,1.5,3,69,1.23,78.74
503L,503.00,L,5,1.5,3,69,1.42,93.98
503L,503.00,L,5,1.5,3,67,2.6,129.54
503L,503.00,L,5,1.5,3,71,3.13,124.46
503L,503.00,L,5,1.5,3,69,3.05,137.16
503L,503.00,L,5,1.5,3,61,1.47,63.50
503L,503.00,L,5,1.5,3,69,3.24,121.92
503L,503.00,L,5,1.5,3,69,2.66,139.70
503L,503.00,L,5,1.5,3,69,1.71,106.68
503L,503.00,L,5,1.5,3,69,2,114.30
503L,503.00,L,5,1.5,3,67,2.26,114.30
503L,503.00,L,5,1.5,3,67,2.36,106.68
503L,503.00,L,5,1.5,3,69,2.51,142.24
503L,503.00,L,5,1.5,3,69,2.03,109.22
503L,503.00,L,5,1.5,3,67,2.12,106.68
503L,503.00,L,5,1.5,3,69,2.06,134.62
503L,503.00,L,5,1.5,3,67,2.98,121.92
503L,503.00,L,5,1.5,3,65,2.63,100.33
503L,503.00,L,5,1.5,3,69,2.99,149.86
503L,503.00,L,5,1.5,3,69,2.13,114.30
503L,503.00,L,5,1.5,3,67,1.92,114.30
503L,503.00,L,5,1.5,3,67,3.09,142.24
503L,503.00,L,5,1.5,3,69,1.1,96.52
503L,503.00,L,5,1.5,3,69,2.25,127.00
503L,503.00,L,5,1.5,3,69,2.08,121.92
503L,503.00,L,5,1.5,3,69,2.99,137.16
503L,503.00,L,5,1.5,3,67,0.84,68.58
503L,503.00,L,5,1.5,3,67,1.92,86.36
503L,503.00,L,5,1.5,3,67,1.76,101.60
503L,503.00,L,5,1.5,3,69,0.67,66.04
503L,503.00,L,5,1.5,3,69,2.26,121.92
503L,503.00,L,5,1.5,3,67,1.45,96.52
503L,503.00,L,5,1.5,3,69,3.11,137.16
503L,503.00,L,5,1.5,3,69,3.47,139.70
201L,201.00,L,2,0,1,65,2.65,116.84
201L,201.00,L,2,0,1,61,0.96,66.04
201L,201.00,L,2,0,1,69,0.59,58.42
201L,201.00,L,2,0,1,69,1.84,106.68
201L,201.00,L,2,0,1,67,2.16,114.30
201L,201.00,L,2,0,1,67,2.93,121.92
201L,201.00,L,2,0,1,69,2.58,127.00
201L,201.00,L,2,0,1,67,1.22,93.98
201L,201.00,L,2,0,1,65,0.66,81.28
201L,201.00,L,2,0,1,67,3.39,144.78
201L,201.00,L,2,0,1,69,1.82,96.52
201L,201.00,L,2,0,1,67,2.58,116.84
201L,201.00,L,2,0,1,65,2.59,127.00
201L,201.00,L,2,0,1,65,0.6,60.96
201L,201.00,L,2,0,1,63,1.02,81.28
201L,201.00,L,2,0,1,69,1.77,88.90
201L,201.00,L,2,0,1,69,2.27,121.92
201L,201.00,L,2,0,1,69,2.68,134.62
201L,201.00,L,2,0,1,69,1.99,101.60
201L,201.00,L,2,0,1,69,3.68,144.78
201L,201.00,L,2,0,1,61,1.05,71.12
201L,201.00,L,2,0,1,67,3.16,134.62
201L,201.00,L,2,0,1,67,2.07,106.68
201L,201.00,L,2,0,1,65,2.26,116.84
201L,201.00,L,2,0,1,67,2.38,114.30
201L,201.00,L,2,0,1,67,2.39,111.76
201L,201.00,L,2,0,1,69,1.61,101.60
201L,201.00,L,2,0,1,65,3.07,129.54
201L,201.00,L,2,0,1,61,0.53,50.80
201L,201.00,L,2,0,1,61,0.94,60.96
201L,201.00,L,2,0,1,63,1.16,76.20
201L,201.00,L,2,0,1,61,0.85,60.96
201L,201.00,L,2,0,1,67,2.71,124.46
201L,201.00,L,2,0,1,63,3.1,124.46
201L,201.00,L,2,0,1,63,1.5,96.52
201L,201.00,L,2,0,1,67,1.82,109.22
201L,201.00,L,2,0,1,65,0.99,76.20
201L,201.00,L,2,0,1,69,0.72,121.92
201L,201.00,L,2,0,1,65,1.61,109.22
201L,201.00,L,2,0,1,59,2.45,109.22
201L,201.00,L,2,0,1,59,1.4,88.90
201L,201.00,L,2,0,1,65,1.97,81.28
201L,201.00,L,2,0,1,61,1.14,68.58
201L,201.00,L,2,0,1,69,1.12,76.20
201L,201.00,L,2,0,1,61,2.5,111.76
201L,201.00,L,2,0,1,65,0.73,73.66
201L,201.00,L,2,0,1,61,2.03,104.14
201L,201.00,L,2,0,1,69,1.58,104.14
201L,201.00,L,2,0,1,67,1.89,114.30
201L,201.00,L,2,0,1,67,1.26,88.90
201L,201.00,L,2,0,1,67,1.63,101.60
201L,201.00,L,2,0,1,65,2.86,119.38
201L,201.00,L,2,0,1,61,0.84,45.72
201L,201.00,L,2,0,1,63,0.98,58.42
201L,201.00,L,2,0,1,65,1.34,86.36
201L,201.00,L,2,0,1,25,NA,22.86
201L,201.00,L,2,0,1,69,1.68,96.52
201L,201.00,L,2,0,1,61,1.06,78.74
201L,201.00,L,2,0,1,61,1.33,78.74
201L,201.00,L,2,0,1,65,0.85,86.36
201L,201.00,L,2,0,1,65,2.71,121.92
201L,201.00,L,2,0,1,67,1.48,104.14
201L,201.00,L,2,0,1,25,NA,17.78
201L,201.00,L,2,0,1,67,1.63,99.06
201L,201.00,L,2,0,1,59,1.18,63.50
201L,201.00,L,2,0,1,65,1.28,83.82
201L,201.00,L,2,0,1,63,1.35,73.66
201L,201.00,L,2,0,1,65,1.23,91.44
201L,201.00,L,2,0,1,65,1.09,81.28
201L,201.00,L,2,0,1,63,1.24,68.58
201L,201.00,L,2,0,1,63,0.74,58.42
201L,201.00,L,2,0,1,61,0.69,66.04
201L,201.00,L,2,0,1,67,1.69,91.44
201L,201.00,L,2,0,1,67,2.52,121.92
201L,201.00,L,2,0,1,65,1.14,86.36
201L,201.00,L,2,0,1,65,1.05,71.12
201L,201.00,L,2,0,1,67,2.9,127.00
201L,201.00,L,2,0,1,43,0.64,20.32
201L,201.00,L,2,0,1,65,1.19,73.66
201L,201.00,L,2,0,1,63,1.24,78.74
201L,201.00,L,2,0,1,61,1.17,91.44
201L,201.00,L,2,0,1,63,1.23,86.36
201L,201.00,L,2,0,1,63,1.72,109.22
201L,201.00,L,2,0,1,61,0.81,68.58
201L,201.00,L,2,0,1,67,2.48,121.92
201L,201.00,L,2,0,1,67,1.98,109.22
201L,201.00,L,2,0,1,67,1,58.42
201L,201.00,L,2,0,1,67,1.57,93.98
201L,201.00,L,2,0,1,69,1.61,104.14
201L,201.00,L,2,0,1,65,1.65,99.06
201L,201.00,L,2,0,1,63,1.27,73.66
201L,201.00,L,2,0,1,67,1.97,104.14
201L,201.00,L,2,0,1,63,1.37,71.12
201L,201.00,L,2,0,1,63,1.58,91.44
201L,201.00,L,2,0,1,61,0.73,40.64
403L,403.00,L,4,1.5,3,65,0.82,71.12
403L,403.00,L,4,1.5,3,63,1.38,88.90
403L,403.00,L,4,1.5,3,67,2.44,106.68
403L,403.00,L,4,1.5,3,65,2.22,109.22
403L,403.00,L,4,1.5,3,65,2.33,104.14
403L,403.00,L,4,1.5,3,65,2.16,116.84
403L,403.00,L,4,1.5,3,67,1.55,76.20
403L,403.00,L,4,1.5,3,69,1.24,66.04
403L,403.00,L,4,1.5,3,65,1.88,106.68
403L,403.00,L,4,1.5,3,63,0.44,55.88
403L,403.00,L,4,1.5,3,65,1.95,101.60
403L,403.00,L,4,1.5,3,69,3.11,121.92
403L,403.00,L,4,1.5,3,67,0.83,58.42
403L,403.00,L,4,1.5,3,65,1.41,91.44
403L,403.00,L,4,1.5,3,65,1.4,91.44
403L,403.00,L,4,1.5,3,65,1.1,83.82
403L,403.00,L,4,1.5,3,61,0.72,63.50
403L,403.00,L,4,1.5,3,65,1.89,106.68
403L,403.00,L,4,1.5,3,65,1.14,73.66
403L,403.00,L,4,1.5,3,65,1.96,93.98
403L,403.00,L,4,1.5,3,67,1.02,66.04
403L,403.00,L,4,1.5,3,65,1.58,96.52
403L,403.00,L,4,1.5,3,65,1.8,106.68
403L,403.00,L,4,1.5,3,61,0.91,81.28
403L,403.00,L,4,1.5,3,65,1.27,91.44
403L,403.00,L,4,1.5,3,63,0.91,66.04
403L,403.00,L,4,1.5,3,67,2.65,142.24
403L,403.00,L,4,1.5,3,67,2.26,116.84
403L,403.00,L,4,1.5,3,65,1.49,78.74
403L,403.00,L,4,1.5,3,65,2.33,121.92
403L,403.00,L,4,1.5,3,65,2.8,124.46
403L,403.00,L,4,1.5,3,61,1.25,91.44
403L,403.00,L,4,1.5,3,65,2.4,109.22
403L,403.00,L,4,1.5,3,65,2.6,127.00
403L,403.00,L,4,1.5,3,65,1.18,91.44
403L,403.00,L,4,1.5,3,65,1.29,66.04
403L,403.00,L,4,1.5,3,67,2.53,134.62
403L,403.00,L,4,1.5,3,69,1.73,101.60
403L,403.00,L,4,1.5,3,67,1.8,124.46
403L,403.00,L,4,1.5,3,67,3.74,134.62
403L,403.00,L,4,1.5,3,69,3.33,144.78
403L,403.00,L,4,1.5,3,65,1.34,99.06
403L,403.00,L,4,1.5,3,69,1.71,99.06
403L,403.00,L,4,1.5,3,61,1.86,111.76
403L,403.00,L,4,1.5,3,69,1.48,91.44
403L,403.00,L,4,1.5,3,61,0.95,55.88
403L,403.00,L,4,1.5,3,67,2.87,121.92
403L,403.00,L,4,1.5,3,67,1.39,99.06
403L,403.00,L,4,1.5,3,61,1.13,76.20
403L,403.00,L,4,1.5,3,67,2.11,101.60
403L,403.00,L,4,1.5,3,69,1.34,88.90
403L,403.00,L,4,1.5,3,61,0.75,38.10
403L,403.00,L,4,1.5,3,65,1.29,83.82
403L,403.00,L,4,1.5,3,61,1.53,93.98
403L,403.00,L,4,1.5,3,61,0.58,25.40
403L,403.00,L,4,1.5,3,69,0.94,81.28
403L,403.00,L,4,1.5,3,63,1.33,78.74
403L,403.00,L,4,1.5,3,69,1.88,96.52
403L,403.00,L,4,1.5,3,67,1.88,116.84
403L,403.00,L,4,1.5,3,69,0.72,76.20
403L,403.00,L,4,1.5,3,65,1.76,96.52
403L,403.00,L,4,1.5,3,69,3.27,114.30
403L,403.00,L,4,1.5,3,67,3.59,134.62
403L,403.00,L,4,1.5,3,67,1.79,104.14
403L,403.00,L,4,1.5,3,69,3.18,129.54
403L,403.00,L,4,1.5,3,67,1,88.90
403L,403.00,L,4,1.5,3,67,2.83,129.54
403L,403.00,L,4,1.5,3,67,3.22,121.92
403L,403.00,L,4,1.5,3,67,1.63,99.06
403L,403.00,L,4,1.5,3,65,1.49,93.98
403L,403.00,L,4,1.5,3,67,1.39,88.90
403L,403.00,L,4,1.5,3,67,1.39,91.44
403L,403.00,L,4,1.5,3,65,2.6,129.54
403L,403.00,L,4,1.5,3,69,1.99,106.68
403L,403.00,L,4,1.5,3,65,1.61,104.14
403L,403.00,L,4,1.5,3,65,2.05,106.68
403L,403.00,L,4,1.5,3,67,2.58,129.54
403L,403.00,L,4,1.5,3,61,0.41,50.80
403L,403.00,L,4,1.5,3,65,1.59,88.90
403L,403.00,L,4,1.5,3,65,1.87,114.30
403L,403.00,L,4,1.5,3,69,0.58,71.12
403L,403.00,L,4,1.5,3,65,0.56,48.26
403L,403.00,L,4,1.5,3,65,0.54,58.42
403L,403.00,L,4,1.5,3,61,2.42,109.22
403L,403.00,L,4,1.5,3,63,1.15,78.74
403L,403.00,L,4,1.5,3,65,2.15,96.52
403L,403.00,L,4,1.5,3,65,1.88,109.22
403L,403.00,L,4,1.5,3,65,2.9,139.70
403L,403.00,L,4,1.5,3,67,1.76,88.90
403L,403.00,L,4,1.5,3,69,1.46,93.98
403L,403.00,L,4,1.5,3,69,2.06,109.22
403L,403.00,L,4,1.5,3,67,2.36,114.30
403L,403.00,L,4,1.5,3,67,1.73,111.76
403L,403.00,L,4,1.5,3,67,1.15,101.60
403L,403.00,L,4,1.5,3,69,1.63,93.98
403L,403.00,L,4,1.5,3,65,1.34,101.60
403L,403.00,L,4,1.5,3,63,0.92,68.58
403L,403.00,L,4,1.5,3,69,1.72,99.06
403L,403.00,L,4,1.5,3,67,1.76,104.14
403L,403.00,L,4,1.5,3,65,2.22,121.92
403L,403.00,L,4,1.5,3,65,2.19,109.22
403L,403.00,L,4,1.5,3,61,1.06,71.12
403L,403.00,L,4,1.5,3,67,1.84,99.06
403L,403.00,L,4,1.5,3,61,0.53,40.64
403L,403.00,L,4,1.5,3,61,0.97,50.80
202L,202.00,L,2,1.5,2,67,2.24,121.92
202L,202.00,L,2,1.5,2,67,1.66,96.52
202L,202.00,L,2,1.5,2,67,2.45,132.08
202L,202.00,L,2,1.5,2,65,0.83,68.58
202L,202.00,L,2,1.5,2,67,1.54,124.46
202L,202.00,L,2,1.5,2,69,1.2,83.82
202L,202.00,L,2,1.5,2,65,1.15,86.36
202L,202.00,L,2,1.5,2,69,2.71,132.08
202L,202.00,L,2,1.5,2,65,1.18,71.12
202L,202.00,L,2,1.5,2,65,1.51,88.90
202L,202.00,L,2,1.5,2,69,1.48,106.68
202L,202.00,L,2,1.5,2,61,2.48,127.00
202L,202.00,L,2,1.5,2,67,2.22,124.46
202L,202.00,L,2,1.5,2,67,3.81,147.32
202L,202.00,L,2,1.5,2,67,1.89,124.46
202L,202.00,L,2,1.5,2,61,1.18,68.58
202L,202.00,L,2,1.5,2,67,1.56,106.68
202L,202.00,L,2,1.5,2,67,2.12,111.76
202L,202.00,L,2,1.5,2,65,1.92,114.30
202L,202.00,L,2,1.5,2,63,1.44,104.14
202L,202.00,L,2,1.5,2,67,2.88,132.08
202L,202.00,L,2,1.5,2,63,0.78,83.82
202L,202.00,L,2,1.5,2,69,2.71,157.48
202L,202.00,L,2,1.5,2,69,1.92,116.84
202L,202.00,L,2,1.5,2,65,1.2,83.82
202L,202.00,L,2,1.5,2,67,1.99,106.68
202L,202.00,L,2,1.5,2,69,1.28,99.06
202L,202.00,L,2,1.5,2,69,1.77,121.92
202L,202.00,L,2,1.5,2,65,1.02,81.28
202L,202.00,L,2,1.5,2,67,2.09,119.38
202L,202.00,L,2,1.5,2,69,1.52,109.22
202L,202.00,L,2,1.5,2,67,2.44,129.54
202L,202.00,L,2,1.5,2,61,0.71,55.88
202L,202.00,L,2,1.5,2,69,3.73,160.02
202L,202.00,L,2,1.5,2,69,2.06,116.84
202L,202.00,L,2,1.5,2,65,0.71,83.82
202L,202.00,L,2,1.5,2,69,3.57,157.48
202L,202.00,L,2,1.5,2,69,1.75,109.22
202L,202.00,L,2,1.5,2,25,0.56,20.32
202L,202.00,L,2,1.5,2,69,2.37,132.08
202L,202.00,L,2,1.5,2,67,2.15,121.92
202L,202.00,L,2,1.5,2,63,0.97,71.12
202L,202.00,L,2,1.5,2,71,4.32,170.18
202L,202.00,L,2,1.5,2,69,2.02,119.38
202L,202.00,L,2,1.5,2,61,2.58,111.76
202L,202.00,L,2,1.5,2,63,1.4,99.06
202L,202.00,L,2,1.5,2,69,1.8,116.84
202L,202.00,L,2,1.5,2,69,1.86,124.46
202L,202.00,L,2,1.5,2,61,2,101.60
202L,202.00,L,2,1.5,2,69,1.64,116.84
202L,202.00,L,2,1.5,2,69,1.29,81.28
202L,202.00,L,2,1.5,2,67,1.22,91.44
202L,202.00,L,2,1.5,2,69,2.53,137.16
202L,202.00,L,2,1.5,2,69,2.43,142.24
202L,202.00,L,2,1.5,2,67,2.38,134.62
202L,202.00,L,2,1.5,2,67,2.37,119.38
202L,202.00,L,2,1.5,2,67,2.19,119.38
202L,202.00,L,2,1.5,2,69,2.21,109.22
202L,202.00,L,2,1.5,2,69,1.82,99.06
202L,202.00,L,2,1.5,2,63,0.81,73.66
202L,202.00,L,2,1.5,2,67,0.68,68.58
202L,202.00,L,2,1.5,2,65,1.58,106.68
202L,202.00,L,2,1.5,2,69,2.48,139.70
202L,202.00,L,2,1.5,2,65,0.53,60.96
202L,202.00,L,2,1.5,2,69,2.06,132.08
202L,202.00,L,2,1.5,2,69,0.94,86.36
202L,202.00,L,2,1.5,2,69,2.63,132.08
202L,202.00,L,2,1.5,2,61,0.63,53.34
202L,202.00,L,2,1.5,2,67,2.73,129.54
202L,202.00,L,2,1.5,2,69,2.8,139.70
202L,202.00,L,2,1.5,2,67,2.38,139.70
202L,202.00,L,2,1.5,2,69,2.32,144.78
202L,202.00,L,2,1.5,2,69,2.19,127.00
202L,202.00,L,2,1.5,2,67,2.37,124.46
202L,202.00,L,2,1.5,2,69,2.59,127.00
202L,202.00,L,2,1.5,2,61,0.94,60.96
202L,202.00,L,2,1.5,2,65,1.39,111.76
202L,202.00,L,2,1.5,2,69,1.69,109.22
202L,202.00,L,2,1.5,2,67,1.62,96.52
202L,202.00,L,2,1.5,2,69,2.5,132.08
202L,202.00,L,2,1.5,2,69,1.79,119.38
202L,202.00,L,2,1.5,2,69,2.15,127.00
202L,202.00,L,2,1.5,2,69,2.13,121.92
202L,202.00,L,2,1.5,2,69,2.14,119.38
202L,202.00,L,2,1.5,2,69,1.96,124.46
202L,202.00,L,2,1.5,2,69,3.22,144.78
202L,202.00,L,2,1.5,2,69,4.69,162.56
202L,202.00,L,2,1.5,2,69,1.3,86.36
202L,202.00,L,2,1.5,2,69,1.82,109.22
202L,202.00,L,2,1.5,2,69,2.14,111.76
202L,202.00,L,2,1.5,2,69,1.75,81.28
202L,202.00,L,2,1.5,2,69,2.26,127.00
202L,202.00,L,2,1.5,2,69,2.2,121.92
202L,202.00,L,2,1.5,2,61,0.76,66.04
202L,202.00,L,2,1.5,2,63,0.47,25.40
202L,202.00,L,2,1.5,2,69,1.68,109.22
202L,202.00,L,2,1.5,2,65,1.89,121.92
203L,203.00,L,2,3,3,69,3.53,147.32
203L,203.00,L,2,3,3,69,3.36,139.70
203L,203.00,L,2,3,3,69,3.51,144.78
203L,203.00,L,2,3,3,67,3.08,134.62
203L,203.00,L,2,3,3,69,2.97,144.78
203L,203.00,L,2,3,3,69,3.21,132.08
203L,203.00,L,2,3,3,69,2.09,116.84
203L,203.00,L,2,3,3,67,0.76,73.66
203L,203.00,L,2,3,3,67,1.16,106.68
203L,203.00,L,2,3,3,69,2.03,129.54
203L,203.00,L,2,3,3,69,1.5,124.46
203L,203.00,L,2,3,3,67,3.79,165.10
203L,203.00,L,2,3,3,69,2.83,137.16
203L,203.00,L,2,3,3,67,1.14,96.52
203L,203.00,L,2,3,3,63,1.74,116.84
203L,203.00,L,2,3,3,63,2.6,139.70
203L,203.00,L,2,3,3,69,2.12,119.38
203L,203.00,L,2,3,3,69,2.52,152.40
203L,203.00,L,2,3,3,69,3.63,154.94
203L,203.00,L,2,3,3,69,3.9,157.48
203L,203.00,L,2,3,3,69,2.22,121.92
203L,203.00,L,2,3,3,69,2.03,124.46
203L,203.00,L,2,3,3,69,2.68,152.40
203L,203.00,L,2,3,3,69,2.33,142.24
203L,203.00,L,2,3,3,69,3.51,154.94
203L,203.00,L,2,3,3,69,4.58,170.18
203L,203.00,L,2,3,3,69,3.38,152.40
203L,203.00,L,2,3,3,67,3.5,165.10
203L,203.00,L,2,3,3,69,1.68,99.06
203L,203.00,L,2,3,3,67,2.28,121.92
203L,203.00,L,2,3,3,69,2.44,142.24
203L,203.00,L,2,3,3,67,0.94,154.94
203L,203.00,L,2,3,3,61,3.63,53.34
203L,203.00,L,2,3,3,59,1.75,55.88
203L,203.00,L,2,3,3,25,0.22,25.40
203L,203.00,L,2,3,3,69,3.1,144.78
203L,203.00,L,2,3,3,67,2.52,109.22
203L,203.00,L,2,3,3,69,3.7,165.10
203L,203.00,L,2,3,3,67,3.31,162.56
203L,203.00,L,2,3,3,65,1.77,119.38
203L,203.00,L,2,3,3,67,1.59,116.84
203L,203.00,L,2,3,3,61,0.83,78.74
203L,203.00,L,2,3,3,69,3.01,142.24
203L,203.00,L,2,3,3,69,2.49,129.54
203L,203.00,L,2,3,3,69,2.8,147.32
203L,203.00,L,2,3,3,69,2.01,111.76
203L,203.00,L,2,3,3,67,1.84,109.22
203L,203.00,L,2,3,3,61,0.54,58.42
203L,203.00,L,2,3,3,67,1.99,114.30
203L,203.00,L,2,3,3,69,3.05,142.24
203L,203.00,L,2,3,3,59,0.31,22.86
203L,203.00,L,2,3,3,67,3.1,132.08
203L,203.00,L,2,3,3,69,3.11,160.02
203L,203.00,L,2,3,3,69,2.45,132.08
203L,203.00,L,2,3,3,67,3.04,144.78
203L,203.00,L,2,3,3,69,2.05,119.38
203L,203.00,L,2,3,3,69,2.37,129.54
203L,203.00,L,2,3,3,67,3.42,154.94
203L,203.00,L,2,3,3,69,3.15,147.32
203L,203.00,L,2,3,3,69,2.73,134.62
203L,203.00,L,2,3,3,67,1.94,121.92
203L,203.00,L,2,3,3,69,1.35,106.68
203L,203.00,L,2,3,3,69,0.98,96.52
203L,203.00,L,2,3,3,67,3.8,144.78
203L,203.00,L,2,3,3,67,2.77,144.78
203L,203.00,L,2,3,3,67,2.66,152.40
203L,203.00,L,2,3,3,67,1.38,86.36
203L,203.00,L,2,3,3,69,3.18,157.48
203L,203.00,L,2,3,3,69,1.73,93.98
203L,203.00,L,2,3,3,61,0.7,50.80
203L,203.00,L,2,3,3,69,1.41,111.76
203L,203.00,L,2,3,3,69,3.47,149.86
203L,203.00,L,2,3,3,69,2.05,134.62
203L,203.00,L,2,3,3,67,2.58,137.16
203L,203.00,L,2,3,3,67,1.78,106.68
203L,203.00,L,2,3,3,67,2.32,124.46
203L,203.00,L,2,3,3,69,1.56,114.30
203L,203.00,L,2,3,3,67,1.96,119.38
203L,203.00,L,2,3,3,65,1.44,93.98
203L,203.00,L,2,3,3,69,1.71,106.68
203L,203.00,L,2,3,3,65,1.5,114.30
203L,203.00,L,2,3,3,67,1.93,124.46
203L,203.00,L,2,3,3,61,1.1,91.44
203L,203.00,L,2,3,3,69,2.31,132.08
203L,203.00,L,2,3,3,69,2.14,119.38
203L,203.00,L,2,3,3,65,1.21,104.14
203L,203.00,L,2,3,3,69,0.97,86.36
203L,203.00,L,2,3,3,69,2.62,147.32
203L,203.00,L,2,3,3,69,2.88,144.78
203L,203.00,L,2,3,3,69,3.05,139.70
203L,203.00,L,2,3,3,25,0.23,22.86
203L,203.00,L,2,3,3,67,1.66,111.76
203L,203.00,L,2,3,3,25,0.6,30.48
203L,203.00,L,2,3,3,69,2.46,142.24
203L,203.00,L,2,3,3,69,2.14,116.84
203L,203.00,L,2,3,3,63,1.57,81.28
203L,203.00,L,2,3,3,69,2.78,121.92
203L,203.00,L,2,3,3,65,1.85,121.92
203L,203.00,L,2,3,3,65,2.13,121.92
402L,402.00,L,4,3,2,69,1.83,73.66
402L,402.00,L,4,3,2,67,3.16,160.02
402L,402.00,L,4,3,2,63,0.78,73.66
402L,402.00,L,4,3,2,67,1.43,96.52
402L,402.00,L,4,3,2,61,1.18,99.06
402L,402.00,L,4,3,2,65,1.29,81.28
402L,402.00,L,4,3,2,69,3.16,134.62
402L,402.00,L,4,3,2,61,1.54,86.36
402L,402.00,L,4,3,2,67,3.86,149.86
402L,402.00,L,4,3,2,69,2.63,129.54
402L,402.00,L,4,3,2,69,3.05,144.78
402L,402.00,L,4,3,2,63,1.24,73.66
402L,402.00,L,4,3,2,69,3.28,152.40
402L,402.00,L,4,3,2,69,2.09,116.84
402L,402.00,L,4,3,2,69,2.96,152.40
402L,402.00,L,4,3,2,67,1.65,119.38
402L,402.00,L,4,3,2,69,2.78,132.08
402L,402.00,L,4,3,2,69,4.12,154.94
402L,402.00,L,4,3,2,69,2.17,134.62
402L,402.00,L,4,3,2,63,0.9,68.58
402L,402.00,L,4,3,2,69,1.62,104.14
402L,402.00,L,4,3,2,69,3.33,144.78
402L,402.00,L,4,3,2,67,3.24,152.40
402L,402.00,L,4,3,2,69,2.44,114.30
402L,402.00,L,4,3,2,67,1.78,127.00
402L,402.00,L,4,3,2,69,1.99,127.00
402L,402.00,L,4,3,2,67,2.91,129.54
402L,402.00,L,4,3,2,67,2.77,147.32
402L,402.00,L,4,3,2,65,2.3,114.30
402L,402.00,L,4,3,2,69,1.81,106.68
402L,402.00,L,4,3,2,65,1.52,106.68
402L,402.00,L,4,3,2,69,1.21,83.82
402L,402.00,L,4,3,2,69,2.91,144.78
402L,402.00,L,4,3,2,65,1.42,93.98
402L,402.00,L,4,3,2,69,1.73,109.22
402L,402.00,L,4,3,2,69,0.5,58.42
402L,402.00,L,4,3,2,59,0.29,35.56
402L,402.00,L,4,3,2,69,4.07,157.48
402L,402.00,L,4,3,2,65,1.35,86.36
402L,402.00,L,4,3,2,67,3.13,144.78
402L,402.00,L,4,3,2,63,1.71,101.60
402L,402.00,L,4,3,2,67,1.71,104.14
402L,402.00,L,4,3,2,69,2.54,121.92
402L,402.00,L,4,3,2,63,1.11,81.28
402L,402.00,L,4,3,2,69,2.33,132.08
402L,402.00,L,4,3,2,69,1.39,106.68
402L,402.00,L,4,3,2,67,2.84,139.70
402L,402.00,L,4,3,2,69,1.74,116.84
402L,402.00,L,4,3,2,67,1.96,114.30
402L,402.00,L,4,3,2,67,3.28,144.78
402L,402.00,L,4,3,2,67,2.54,124.46
402L,402.00,L,4,3,2,65,1.74,83.82
402L,402.00,L,4,3,2,69,1.38,111.76
402L,402.00,L,4,3,2,69,1.04,96.52
402L,402.00,L,4,3,2,65,2.02,114.30
402L,402.00,L,4,3,2,69,2.94,139.70
402L,402.00,L,4,3,2,67,2.12,137.16
402L,402.00,L,4,3,2,65,3.26,93.98
402L,402.00,L,4,3,2,67,1.57,121.92
402L,402.00,L,4,3,2,69,1.75,114.30
402L,402.00,L,4,3,2,69,2.12,119.38
402L,402.00,L,4,3,2,69,1.67,111.76
402L,402.00,L,4,3,2,59,0.76,66.04
402L,402.00,L,4,3,2,69,1.97,129.54
402L,402.00,L,4,3,2,69,2.37,134.62
402L,402.00,L,4,3,2,67,1.25,101.60
402L,402.00,L,4,3,2,65,2.09,109.22
402L,402.00,L,4,3,2,67,1.39,104.14
402L,402.00,L,4,3,2,67,2.79,134.62
402L,402.00,L,4,3,2,67,1.2,76.20
402L,402.00,L,4,3,2,65,1.1,78.74
402L,402.00,L,4,3,2,65,0.83,71.12
402L,402.00,L,4,3,2,65,1.86,104.14
402L,402.00,L,4,3,2,69,1.57,99.06
402L,402.00,L,4,3,2,69,2.67,134.62
402L,402.00,L,4,3,2,67,2.05,127.00
402L,402.00,L,4,3,2,67,2.25,129.54
402L,402.00,L,4,3,2,59,1.12,96.52
402L,402.00,L,4,3,2,67,1.6,114.30
402L,402.00,L,4,3,2,59,0.42,38.10
402L,402.00,L,4,3,2,67,1.52,106.68
402L,402.00,L,4,3,2,69,1.78,91.44
402L,402.00,L,4,3,2,63,1.22,66.04
402L,402.00,L,4,3,2,69,1.11,73.66
502L,502.00,L,5,0,2,35,1.76,30.48
502L,502.00,L,5,0,2,61,0.57,30.48
502L,502.00,L,5,0,2,61,2.76,83.82
502L,502.00,L,5,0,2,63,1.49,78.74
502L,502.00,L,5,0,2,61,1.61,81.28
502L,502.00,L,5,0,2,53,1.59,43.18
502L,502.00,L,5,0,2,67,3.43,137.16
502L,502.00,L,5,0,2,67,2.16,104.14
502L,502.00,L,5,0,2,67,2.32,109.22
502L,502.00,L,5,0,2,67,1.75,91.44
502L,502.00,L,5,0,2,67,1.81,99.06
502L,502.00,L,5,0,2,67,1.62,93.98
502L,502.00,L,5,0,2,67,2.35,99.06
502L,502.00,L,5,0,2,63,1.16,81.28
502L,502.00,L,5,0,2,63,1.58,63.50
502L,502.00,L,5,0,2,67,3.03,124.46
502L,502.00,L,5,0,2,65,2.12,93.98
502L,502.00,L,5,0,2,69,1.87,96.52
502L,502.00,L,5,0,2,65,0.66,53.34
502L,502.00,L,5,0,2,61,1.5,76.20
502L,502.00,L,5,0,2,63,2.7,109.22
502L,502.00,L,5,0,2,63,2.31,104.14
502L,502.00,L,5,0,2,69,2.48,104.14
502L,502.00,L,5,0,2,63,2.36,96.52
502L,502.00,L,5,0,2,61,2.02,99.06
502L,502.00,L,5,0,2,63,2.19,101.60
502L,502.00,L,5,0,2,67,1.48,83.82
502L,502.00,L,5,0,2,65,2.26,96.52
502L,502.00,L,5,0,2,69,1.54,96.52
502L,502.00,L,5,0,2,67,2.91,127.00
502L,502.00,L,5,0,2,67,1.9,96.52
502L,502.00,L,5,0,2,67,1.74,93.98
502L,502.00,L,5,0,2,25,0.37,25.40
502L,502.00,L,5,0,2,69,2.24,93.98
502L,502.00,L,5,0,2,67,2.79,121.92
502L,502.00,L,5,0,2,67,2.12,88.90
502L,502.00,L,5,0,2,67,2.76,109.22
502L,502.00,L,5,0,2,65,1.05,76.20
502L,502.00,L,5,0,2,65,2.57,109.22
502L,502.00,L,5,0,2,67,1.31,78.74
502L,502.00,L,5,0,2,61,0.97,68.58
502L,502.00,L,5,0,2,69,2.39,116.84
502L,502.00,L,5,0,2,61,0.92,71.12
502L,502.00,L,5,0,2,63,1.53,81.28
502L,502.00,L,5,0,2,63,1.1,76.20
502L,502.00,L,5,0,2,65,1.23,63.50
502L,502.00,L,5,0,2,59,0.78,45.72
502L,502.00,L,5,0,2,61,1.51,83.82
502L,502.00,L,5,0,2,67,1.91,99.06
502L,502.00,L,5,0,2,61,2.63,106.68
502L,502.00,L,5,0,2,63,1.43,88.90
502L,502.00,L,5,0,2,59,0.95,48.26
502L,502.00,L,5,0,2,61,1.4,73.66
502L,502.00,L,5,0,2,67,2.1,109.22
502L,502.00,L,5,0,2,65,1.79,81.28
502L,502.00,L,5,0,2,65,1,12.70
502L,502.00,L,5,0,2,61,2.04,83.82
502L,502.00,L,5,0,2,63,1.29,68.58
502L,502.00,L,5,0,2,63,2.41,106.68
502L,502.00,L,5,0,2,61,1.82,83.82
502L,502.00,L,5,0,2,67,2.86,109.22
502L,502.00,L,5,0,2,65,2.13,106.68
502L,502.00,L,5,0,2,63,0.48,27.94
502L,502.00,L,5,0,2,65,1.93,91.44
502L,502.00,L,5,0,2,67,2.36,114.30
502L,502.00,L,5,0,2,67,1.84,99.06
502L,502.00,L,5,0,2,61,1.41,81.28
502L,502.00,L,5,0,2,69,2.51,109.22
502L,502.00,L,5,0,2,59,0.7,30.48
502L,502.00,L,5,0,2,69,1.68,88.90
502L,502.00,L,5,0,2,67,1.76,111.76
502L,502.00,L,5,0,2,61,1.56,81.28
502L,502.00,L,5,0,2,61,2.22,104.14
501L,501.00,L,5,3,1,67,3.78,114.30
501L,501.00,L,5,3,1,67,2.09,116.84
501L,501.00,L,5,3,1,39,2.56,86.36
501L,501.00,L,5,3,1,69,0.78,91.44
501L,501.00,L,5,3,1,69,2.53,139.70
501L,501.00,L,5,3,1,69,2.05,139.70
501L,501.00,L,5,3,1,69,2.3,129.54
501L,501.00,L,5,3,1,69,0.54,71.12
501L,501.00,L,5,3,1,67,2.08,127.00
501L,501.00,L,5,3,1,69,1.53,99.06
501L,501.00,L,5,3,1,69,1.72,132.08
501L,501.00,L,5,3,1,67,2.02,93.98
501L,501.00,L,5,3,1,67,2.62,132.08
501L,501.00,L,5,3,1,69,2.26,124.46
501L,501.00,L,5,3,1,69,3.35,147.32
501L,501.00,L,5,3,1,59,0.81,50.80
501L,501.00,L,5,3,1,69,3.09,134.62
501L,501.00,L,5,3,1,69,3.33,144.78
501L,501.00,L,5,3,1,69,2.75,144.78
501L,501.00,L,5,3,1,69,3.07,142.24
501L,501.00,L,5,3,1,69,2.1,132.08
501L,501.00,L,5,3,1,61,1.46,73.66
501L,501.00,L,5,3,1,65,0.63,33.02
501L,501.00,L,5,3,1,67,2.76,132.08
501L,501.00,L,5,3,1,69,3.84,127.00
501L,501.00,L,5,3,1,69,2.35,116.84
501L,501.00,L,5,3,1,69,1.84,121.92
501L,501.00,L,5,3,1,69,3.07,139.70
501L,501.00,L,5,3,1,71,2.16,132.08
501L,501.00,L,5,3,1,67,2.94,149.86
501L,501.00,L,5,3,1,69,3.13,149.86
501L,501.00,L,5,3,1,69,2.55,88.90
501L,501.00,L,5,3,1,69,1.94,124.46
501L,501.00,L,5,3,1,69,3.06,142.24
501L,501.00,L,5,3,1,69,2.51,121.92
501L,501.00,L,5,3,1,69,1.72,119.38
501L,501.00,L,5,3,1,69,1.83,116.84
501L,501.00,L,5,3,1,69,2.15,124.46
501L,501.00,L,5,3,1,69,2.84,147.32
501L,501.00,L,5,3,1,69,2.39,116.84
501L,501.00,L,5,3,1,67,2.77,139.70
501L,501.00,L,5,3,1,69,2.63,127.00
501L,501.00,L,5,3,1,67,1.52,116.84
501L,501.00,L,5,3,1,25,0.74,33.02
501L,501.00,L,5,3,1,69,1.83,132.08
501L,501.00,L,5,3,1,69,2.13,139.70
501L,501.00,L,5,3,1,69,3.91,147.32
501L,501.00,L,5,3,1,69,2.06,142.24
501L,501.00,L,5,3,1,69,3.36,152.40
501L,501.00,L,5,3,1,69,2.88,139.70
501L,501.00,L,5,3,1,69,3.19,152.40
501L,501.00,L,5,3,1,69,2.82,144.78
501L,501.00,L,5,3,1,69,2.4,147.32
501L,501.00,L,5,3,1,67,1.95,121.92
501L,501.00,L,5,3,1,67,3.05,139.70
501L,501.00,L,5,3,1,69,1.73,119.38
501L,501.00,L,5,3,1,69,3.7,149.86
501L,501.00,L,5,3,1,69,2.61,144.78
501L,501.00,L,5,3,1,69,2.71,137.16
501L,501.00,L,5,3,1,67,2.31,144.78
501L,501.00,L,5,3,1,69,1.51,109.22
501L,501.00,L,5,3,1,69,1.86,99.06
501L,501.00,L,5,3,1,69,2.49,152.40
501L,501.00,L,5,3,1,69,1.19,106.68
501L,501.00,L,5,3,1,69,0.83,91.44
501L,501.00,L,5,3,1,69,2.04,134.62
501L,501.00,L,5,3,1,69,2.21,124.46
501L,501.00,L,5,3,1,69,3.12,124.46
501L,501.00,L,5,3,1,69,3.05,154.94
501L,501.00,L,5,3,1,63,2.29,114.30
501L,501.00,L,5,3,1,69,2.59,127.00
501L,501.00,L,5,3,1,69,2.07,142.24
501L,501.00,L,5,3,1,69,1.51,109.22
501L,501.00,L,5,3,1,69,1.22,99.06
501L,501.00,L,5,3,1,69,1.41,99.06
501L,501.00,L,5,3,1,69,2.34,139.70
501L,501.00,L,5,3,1,69,2.17,114.30
501L,501.00,L,5,3,1,69,2.97,139.70
501L,501.00,L,5,3,1,61,1.13,96.52
501L,501.00,L,5,3,1,69,2.38,142.24
501L,501.00,L,5,3,1,69,1.75,119.38
501L,501.00,L,5,3,1,69,2.45,127.00
501L,501.00,L,5,3,1,69,1.19,81.28
501L,501.00,L,5,3,1,69,1.46,101.60
501L,501.00,L,5,3,1,69,2.19,127.00
501L,501.00,L,5,3,1,69,1.48,114.30
501L,501.00,L,5,3,1,69,2.15,134.62
501L,501.00,L,5,3,1,69,2.4,137.16
501L,501.00,L,5,3,1,61,1.68,86.36
501L,501.00,L,5,3,1,69,1.17,73.66
501L,501.00,L,5,3,1,69,3.22,142.24
501L,501.00,L,5,3,1,69,2.46,114.30
501L,501.00,L,5,3,1,69,1.89,124.46
501L,501.00,L,5,3,1,69,2.31,111.76
501L,501.00,L,5,3,1,69,0.85,76.20
501L,501.00,L,5,3,1,69,2.42,144.78
501L,501.00,L,5,3,1,69,1.82,88.90
501L,501.00,L,5,3,1,69,1.18,91.44
501L,501.00,L,5,3,1,69,2.5,111.76
501L,501.00,L,5,3,1,69,3.48,147.32
501L,501.00,L,5,3,1,69,2.77,129.54
501L,501.00,L,5,3,1,69,3.6,144.78
501L,501.00,L,5,3,1,41,1.51,48.26
501L,501.00,L,5,3,1,69,1.47,99.06
501L,501.00,L,5,3,1,69,2.44,127.00
501L,501.00,L,5,3,1,65,1.25,101.60
501L,501.00,L,5,3,1,69,1.21,101.60
501L,501.00,L,5,3,1,65,1.86,109.22
501L,501.00,L,5,3,1,69,2.62,134.62
501L,501.00,L,5,3,1,69,1.54,111.76
501L,501.00,L,5,3,1,69,1.46,116.84
501L,501.00,L,5,3,1,65,1.15,81.28
501L,501.00,L,5,3,1,67,1.85,104.14
501L,501.00,L,5,3,1,69,3.48,142.24
501L,501.00,L,5,3,1,69,1.73,109.22
501L,501.00,L,5,3,1,69,1.74,124.46
501L,501.00,L,5,3,1,69,1.79,111.76
501L,501.00,L,5,3,1,69,2.85,129.54
501L,501.00,L,5,3,1,69,3.02,142.24
501L,501.00,L,5,3,1,69,2.17,139.70
501L,501.00,L,5,3,1,67,2.78,132.08
501L,501.00,L,5,3,1,69,2.68,139.70
501L,501.00,L,5,3,1,69,2.95,160.02
501L,501.00,L,5,3,1,69,2.12,127.00
501L,501.00,L,5,3,1,69,2.56,137.16
501L,501.00,L,5,3,1,69,3.38,160.02
501L,501.00,L,5,3,1,69,1.29,121.92
501L,501.00,L,5,3,1,69,2.58,147.32
501L,501.00,L,5,3,1,69,2.33,124.46
501L,501.00,L,5,3,1,69,1.8,124.46
501L,501.00,L,5,3,1,63,1.44,106.68
501L,501.00,L,5,3,1,69,3.11,147.32
501L,501.00,L,5,3,1,61,1.06,83.82
501L,501.00,L,5,3,1,69,3.09,152.40
501L,501.00,L,5,3,1,67,2.58,137.16
501L,501.00,L,5,3,1,69,3.39,144.78
501L,501.00,L,5,3,1,69,3.39,160.02
501L,501.00,L,5,3,1,69,2.22,134.62
501L,501.00,L,5,3,1,69,1.99,116.84
501L,501.00,L,5,3,1,69,1.57,129.54
501L,501.00,L,5,3,1,69,1.98,137.16
501L,501.00,L,5,3,1,67,2.21,124.46
501L,501.00,L,5,3,1,65,1.8,101.60
501L,501.00,L,5,3,1,63,1.61,101.60
501L,501.00,L,5,3,1,61,0.66,99.06
501L,501.00,L,5,3,1,69,2.76,154.94
501L,501.00,L,5,3,1,69,1.88,129.54
501L,501.00,L,5,3,1,69,2.38,121.92
501L,501.00,L,5,3,1,69,2.93,134.62
501L,501.00,L,5,3,1,69,3.4,165.10
501L,501.00,L,5,3,1,69,3.55,157.48
501L,501.00,L,5,3,1,69,3.46,175.26
501L,501.00,L,5,3,1,69,1.96,101.60
501L,501.00,L,5,3,1,69,0.97,88.90
501L,501.00,L,5,3,1,69,1.02,99.06
501L,501.00,L,5,3,1,69,2.75,121.92
501L,501.00,L,5,3,1,47,1.69,38.10
501L,501.00,L,5,3,1,69,3.6,152.40
501L,501.00,L,5,3,1,67,2.15,119.38
101L,101.00,L,1,1.5,1,69,1.63,114.30
101L,101.00,L,1,1.5,1,69,3.38,147.32
101L,101.00,L,1,1.5,1,69,2.46,121.92
101L,101.00,L,1,1.5,1,67,2.5,121.92
101L,101.00,L,1,1.5,1,69,1.44,93.98
101L,101.00,L,1,1.5,1,69,2.42,134.62
101L,101.00,L,1,1.5,1,67,2.7,139.70
101L,101.00,L,1,1.5,1,67,2.14,121.92
101L,101.00,L,1,1.5,1,69,2.78,134.62
101L,101.00,L,1,1.5,1,69,1.38,106.68
101L,101.00,L,1,1.5,1,69,1.09,88.90
101L,101.00,L,1,1.5,1,69,3.56,152.40
101L,101.00,L,1,1.5,1,67,2.77,121.92
101L,101.00,L,1,1.5,1,67,3,129.54
101L,101.00,L,1,1.5,1,67,2.83,137.16
101L,101.00,L,1,1.5,1,69,1.57,88.90
101L,101.00,L,1,1.5,1,69,2.05,109.22
101L,101.00,L,1,1.5,1,67,2.31,132.08
101L,101.00,L,1,1.5,1,67,2.09,124.46
101L,101.00,L,1,1.5,1,67,1.38,104.14
101L,101.00,L,1,1.5,1,67,3.59,134.62
101L,101.00,L,1,1.5,1,61,2.56,119.38
101L,101.00,L,1,1.5,1,69,2.41,132.08
101L,101.00,L,1,1.5,1,69,1.88,101.60
101L,101.00,L,1,1.5,1,69,1.23,88.90
101L,101.00,L,1,1.5,1,63,1.57,96.52
101L,101.00,L,1,1.5,1,69,3.75,154.94
101L,101.00,L,1,1.5,1,69,1.62,91.44
101L,101.00,L,1,1.5,1,69,2.84,124.46
101L,101.00,L,1,1.5,1,69,2.24,137.16
101L,101.00,L,1,1.5,1,67,1.88,114.30
101L,101.00,L,1,1.5,1,69,1.94,114.30
101L,101.00,L,1,1.5,1,69,1.81,71.12
101L,101.00,L,1,1.5,1,69,1.68,111.76
101L,101.00,L,1,1.5,1,69,1.72,114.30
101L,101.00,L,1,1.5,1,69,2.46,129.54
101L,101.00,L,1,1.5,1,61,1.51,83.82
101L,101.00,L,1,1.5,1,69,2.28,121.92
101L,101.00,L,1,1.5,1,67,4.17,142.24
101L,101.00,L,1,1.5,1,67,2.4,129.54
101L,101.00,L,1,1.5,1,63,2,121.92
101L,101.00,L,1,1.5,1,69,2.86,127.00
101L,101.00,L,1,1.5,1,67,1.83,111.76
101L,101.00,L,1,1.5,1,25,NA,15.24
101L,101.00,L,1,1.5,1,69,3.11,152.40
101L,101.00,L,1,1.5,1,61,1.67,66.04
101L,101.00,L,1,1.5,1,67,2.76,106.68
101L,101.00,L,1,1.5,1,69,3.15,132.08
101L,101.00,L,1,1.5,1,67,2.06,111.76
101L,101.00,L,1,1.5,1,61,0.94,76.20
101L,101.00,L,1,1.5,1,69,3.14,139.70
101L,101.00,L,1,1.5,1,67,2.01,119.38
101L,101.00,L,1,1.5,1,69,3.6,149.86
101L,101.00,L,1,1.5,1,69,3.44,142.24
101L,101.00,L,1,1.5,1,67,3.25,165.10
101L,101.00,L,1,1.5,1,67,2.21,114.30
101L,101.00,L,1,1.5,1,69,2.35,116.84
101L,101.00,L,1,1.5,1,67,2.12,124.46
101L,101.00,L,1,1.5,1,30,1.02,127.00
101L,101.00,L,1,1.5,1,69,3.26,142.24
101L,101.00,L,1,1.5,1,67,2.43,127.00
101L,101.00,L,1,1.5,1,69,1.72,111.76
101L,101.00,L,1,1.5,1,69,3.09,144.78
103L,103.00,L,1,3,3,69,1.89,137.16
103L,103.00,L,1,3,3,67,2.54,152.40
103L,103.00,L,1,3,3,69,3.24,162.56
103L,103.00,L,1,3,3,69,2.9,152.40
103L,103.00,L,1,3,3,67,2.18,132.08
103L,103.00,L,1,3,3,69,1.84,119.38
103L,103.00,L,1,3,3,67,2.54,149.86
103L,103.00,L,1,3,3,69,4.28,172.72
103L,103.00,L,1,3,3,69,3.24,160.02
103L,103.00,L,1,3,3,69,2.67,139.70
103L,103.00,L,1,3,3,69,3.21,157.48
103L,103.00,L,1,3,3,69,2.89,154.94
103L,103.00,L,1,3,3,69,1.72,124.46
103L,103.00,L,1,3,3,69,2.34,144.78
103L,103.00,L,1,3,3,69,2.21,129.54
103L,103.00,L,1,3,3,59,0.43,53.34
103L,103.00,L,1,3,3,69,2.87,134.62
103L,103.00,L,1,3,3,69,2.01,132.08
103L,103.00,L,1,3,3,69,3.06,160.02
103L,103.00,L,1,3,3,69,3.07,165.10
103L,103.00,L,1,3,3,69,2.82,157.48
103L,103.00,L,1,3,3,69,2.39,129.54
103L,103.00,L,1,3,3,69,3.13,162.56
103L,103.00,L,1,3,3,69,1.37,109.22
103L,103.00,L,1,3,3,67,1.93,129.54
103L,103.00,L,1,3,3,61,1.02,88.90
103L,103.00,L,1,3,3,69,2.55,147.32
103L,103.00,L,1,3,3,69,2.35,132.08
103L,103.00,L,1,3,3,69,3.15,154.94
103L,103.00,L,1,3,3,69,2.81,129.54
103L,103.00,L,1,3,3,69,2.93,152.40
103L,103.00,L,1,3,3,69,1.52,124.46
103L,103.00,L,1,3,3,67,1.69,127.00
103L,103.00,L,1,3,3,69,2.52,147.32
103L,103.00,L,1,3,3,67,2.19,147.32
103L,103.00,L,1,3,3,69,1.59,106.68
103L,103.00,L,1,3,3,69,1.89,134.62
103L,103.00,L,1,3,3,69,2.21,139.70
103L,103.00,L,1,3,3,65,2.1,111.76
103L,103.00,L,1,3,3,69,1.4,121.92
103L,103.00,L,1,3,3,69,1.57,139.70
103L,103.00,L,1,3,3,69,2.65,147.32
103L,103.00,L,1,3,3,69,2.23,142.24
103L,103.00,L,1,3,3,69,2.41,142.24
103L,103.00,L,1,3,3,69,2.51,142.24
103L,103.00,L,1,3,3,69,2.35,134.62
103L,103.00,L,1,3,3,69,0.81,106.68
103L,103.00,L,1,3,3,69,2.17,149.86
103L,103.00,L,1,3,3,69,1.55,109.22
103L,103.00,L,1,3,3,69,2.31,142.24
103L,103.00,L,1,3,3,69,2.29,139.70
103L,103.00,L,1,3,3,69,2.64,144.78
103L,103.00,L,1,3,3,69,1.62,114.30
103L,103.00,L,1,3,3,69,2.33,144.78
103L,103.00,L,1,3,3,69,2.6,132.08
103L,103.00,L,1,3,3,69,1.13,119.38
103L,103.00,L,1,3,3,69,3.22,154.94
103L,103.00,L,1,3,3,69,1.69,119.38
103L,103.00,L,1,3,3,69,2.22,137.16
103L,103.00,L,1,3,3,69,2.18,147.32
103L,103.00,L,1,3,3,69,3.11,149.86
103L,103.00,L,1,3,3,69,2.49,134.62
103L,103.00,L,1,3,3,67,1.95,132.08
103L,103.00,L,1,3,3,69,2.54,149.86
103L,103.00,L,1,3,3,69,2.53,139.70
103L,103.00,L,1,3,3,69,2.89,149.86
103L,103.00,L,1,3,3,69,2.29,129.54
103L,103.00,L,1,3,3,65,1.09,86.36
103L,103.00,L,1,3,3,69,3.3,160.02
103L,103.00,L,1,3,3,61,0.95,86.36
103L,103.00,L,1,3,3,69,1.75,116.84
103L,103.00,L,1,3,3,69,3.6,172.72
103L,103.00,L,1,3,3,69,2.36,139.70
103L,103.00,L,1,3,3,69,1.46,129.54
103L,103.00,L,1,3,3,69,2.39,139.70
103L,103.00,L,1,3,3,69,2.41,147.32
103L,103.00,L,1,3,3,61,2.14,124.46
103L,103.00,L,1,3,3,69,1.68,119.38
103L,103.00,L,1,3,3,67,3.21,144.78
103L,103.00,L,1,3,3,69,3.04,147.32
103L,103.00,L,1,3,3,67,3.33,149.86
103L,103.00,L,1,3,3,67,2.79,147.32
103L,103.00,L,1,3,3,69,2.33,137.16
103L,103.00,L,1,3,3,69,1.07,116.84
103L,103.00,L,1,3,3,67,2.24,132.08
103L,103.00,L,1,3,3,69,0.43,73.66
103L,103.00,L,1,3,3,65,1.16,127.00
103L,103.00,L,1,3,3,69,1.73,124.46
103L,103.00,L,1,3,3,69,2.79,147.32
103L,103.00,L,1,3,3,69,2,129.54
103L,103.00,L,1,3,3,69,0.72,86.36
103L,103.00,L,1,3,3,69,0.62,63.50
103L,103.00,L,1,3,3,49,0.2,25.40
103L,103.00,L,1,3,3,69,1.83,99.06
103L,103.00,L,1,3,3,69,2.8,134.62
103L,103.00,L,1,3,3,69,1.19,124.46
103L,103.00,L,1,3,3,69,1.96,129.54
102L,102.00,L,1,0,2,61,1.82,76.20
102L,102.00,L,1,0,2,67,2.3,124.46
102L,102.00,L,1,0,2,67,1.98,132.08
102L,102.00,L,1,0,2,69,2.53,109.22
102L,102.00,L,1,0,2,69,1.69,111.76
102L,102.00,L,1,0,2,67,2.64,137.16
102L,102.00,L,1,0,2,59,1.63,45.72
102L,102.00,L,1,0,2,67,2.24,119.38
102L,102.00,L,1,0,2,69,2.4,127.00
102L,102.00,L,1,0,2,67,3.29,124.46
102L,102.00,L,1,0,2,67,2.22,111.76
102L,102.00,L,1,0,2,67,3.46,144.78
102L,102.00,L,1,0,2,69,3.13,139.70
102L,102.00,L,1,0,2,64,1.31,83.82
102L,102.00,L,1,0,2,64,0.97,78.74
102L,102.00,L,1,0,2,69,1.97,119.38
102L,102.00,L,1,0,2,67,1.85,109.22
102L,102.00,L,1,0,2,69,3.61,132.08
102L,102.00,L,1,0,2,67,2.36,132.08
102L,102.00,L,1,0,2,67,2.79,116.84
102L,102.00,L,1,0,2,67,3.36,137.16
102L,102.00,L,1,0,2,69,1.3,101.60
102L,102.00,L,1,0,2,65,3.48,139.70
102L,102.00,L,1,0,2,67,2.1,114.30
102L,102.00,L,1,0,2,61,0.69,66.04
102L,102.00,L,1,0,2,69,1.69,101.60
102L,102.00,L,1,0,2,67,1.86,111.76
102L,102.00,L,1,0,2,65,2.23,104.14
102L,102.00,L,1,0,2,67,2.89,132.08
102L,102.00,L,1,0,2,65,2.07,96.52
102L,102.00,L,1,0,2,67,1.79,91.44
102L,102.00,L,1,0,2,67,2.1,111.76
102L,102.00,L,1,0,2,67,2.39,127.00
102L,102.00,L,1,0,2,61,2.45,106.68
102L,102.00,L,1,0,2,69,3.1,129.54
102L,102.00,L,1,0,2,69,2.67,134.62
102L,102.00,L,1,0,2,63,2.2,88.90
102L,102.00,L,1,0,2,67,3.21,142.24
102L,102.00,L,1,0,2,69,3.14,129.54
102L,102.00,L,1,0,2,67,1.47,106.68
102L,102.00,L,1,0,2,69,1.55,106.68
102L,102.00,L,1,0,2,69,2.46,127.00
102L,102.00,L,1,0,2,67,1.54,101.60
102L,102.00,L,1,0,2,69,2.67,139.70
102L,102.00,L,1,0,2,69,2.39,134.62
102L,102.00,L,1,0,2,69,1.86,106.68
102L,102.00,L,1,0,2,69,1.91,111.76
102L,102.00,L,1,0,2,67,1.14,96.52
102L,102.00,L,1,0,2,69,3.1,134.62
102L,102.00,L,1,0,2,69,2.59,121.92
102L,102.00,L,1,0,2,69,2.72,121.92
102L,102.00,L,1,0,2,69,2.01,109.22
102L,102.00,L,1,0,2,69,3.68,142.24
102L,102.00,L,1,0,2,67,1.6,109.22
102L,102.00,L,1,0,2,69,3.73,147.32
102L,102.00,L,1,0,2,69,2.88,116.84
102L,102.00,L,1,0,2,63,1.98,91.44
102L,102.00,L,1,0,2,63,1.33,68.58
102L,102.00,L,1,0,2,69,3.01,116.84
102L,102.00,L,1,0,2,69,1.63,96.52
102L,102.00,L,1,0,2,69,2.52,127.00
102L,102.00,L,1,0,2,69,2.3,142.24
102L,102.00,L,1,0,2,61,1.46,91.44
102L,102.00,L,1,0,2,69,2.84,119.38
102L,102.00,L,1,0,2,69,2.03,119.38
102L,102.00,L,1,0,2,69,2.85,127.00
102L,102.00,L,1,0,2,69,2.91,137.16
102L,102.00,L,1,0,2,67,3.13,139.70
102L,102.00,L,1,0,2,69,2.65,129.54
102L,102.00,L,1,0,2,69,2.06,116.84
102L,102.00,L,1,0,2,59,2.16,66.04
102L,102.00,L,1,0,2,45,2.2,53.34
102L,102.00,L,1,0,2,67,2.27,104.14
102L,102.00,L,1,0,2,67,2.23,119.38
102L,102.00,L,1,0,2,69,2.12,111.76
102L,102.00,L,1,0,2,67,3.58,137.16
102L,102.00,L,1,0,2,67,2.34,132.08
102L,102.00,L,1,0,2,63,2.73,129.54
102L,102.00,L,1,0,2,69,2.79,119.38
102L,102.00,L,1,0,2,67,1.68,96.52
102L,102.00,L,1,0,2,25,NA,17.78
301L,301.00,L,3,3,1,69,1.27,86.36
301L,301.00,L,3,3,1,67,1.52,101.60
301L,301.00,L,3,3,1,67,1.08,71.12
301L,301.00,L,3,3,1,69,1.85,119.38
301L,301.00,L,3,3,1,67,1.65,104.14
301L,301.00,L,3,3,1,69,2.02,124.46
301L,301.00,L,3,3,1,67,2.08,116.84
301L,301.00,L,3,3,1,67,1.17,81.28
301L,301.00,L,3,3,1,69,1.54,99.06
301L,301.00,L,3,3,1,69,1.49,106.68
301L,301.00,L,3,3,1,63,1.67,116.84
301L,301.00,L,3,3,1,61,1.85,83.82
301L,301.00,L,3,3,1,67,1.1,86.36
301L,301.00,L,3,3,1,67,1.33,73.66
301L,301.00,L,3,3,1,63,2.17,119.38
301L,301.00,L,3,3,1,67,2.26,114.30
301L,301.00,L,3,3,1,67,1.91,114.30
301L,301.00,L,3,3,1,67,2.35,129.54
301L,301.00,L,3,3,1,67,1.23,76.20
301L,301.00,L,3,3,1,63,0.92,60.96
301L,301.00,L,3,3,1,65,1.89,91.44
301L,301.00,L,3,3,1,59,0.53,50.80
301L,301.00,L,3,3,1,69,3.18,152.40
301L,301.00,L,3,3,1,67,2.18,101.60
301L,301.00,L,3,3,1,67,1.47,104.14
301L,301.00,L,3,3,1,67,1.11,83.82
301L,301.00,L,3,3,1,67,2.51,106.68
301L,301.00,L,3,3,1,67,3.64,162.56
301L,301.00,L,3,3,1,61,1.06,60.96
301L,301.00,L,3,3,1,63,1.06,73.66
301L,301.00,L,3,3,1,69,1.24,76.20
301L,301.00,L,3,3,1,67,1.13,83.82
301L,301.00,L,3,3,1,63,1.18,68.58
301L,301.00,L,3,3,1,69,2.32,66.04
301L,301.00,L,3,3,1,67,1.59,86.36
301L,301.00,L,3,3,1,69,2.23,121.92
301L,301.00,L,3,3,1,69,2.99,134.62
301L,301.00,L,3,3,1,67,1.59,93.98
301L,301.00,L,3,3,1,67,0.99,66.04
301L,301.00,L,3,3,1,63,1.21,73.66
301L,301.00,L,3,3,1,61,1.07,58.42
301L,301.00,L,3,3,1,63,1.3,78.74
301L,301.00,L,3,3,1,63,0.88,101.60
301L,301.00,L,3,3,1,67,1.92,99.06
301L,301.00,L,3,3,1,67,1.56,109.22
301L,301.00,L,3,3,1,67,1.3,93.98
301L,301.00,L,3,3,1,69,2.05,109.22
301L,301.00,L,3,3,1,67,1.7,116.84
301L,301.00,L,3,3,1,61,0.91,83.82
301L,301.00,L,3,3,1,61,0.89,45.72
301L,301.00,L,3,3,1,63,0.95,76.20
301L,301.00,L,3,3,1,69,0.98,101.60
301L,301.00,L,3,3,1,69,2.02,111.76
301L,301.00,L,3,3,1,67,2.84,134.62
301L,301.00,L,3,3,1,67,2.27,129.54
301L,301.00,L,3,3,1,65,1.82,104.14
301L,301.00,L,3,3,1,69,1.42,76.20
301L,301.00,L,3,3,1,65,2.31,106.68
301L,301.00,L,3,3,1,67,3.06,114.30
301L,301.00,L,3,3,1,67,1.3,73.66
301L,301.00,L,3,3,1,67,1.27,88.90
301L,301.00,L,3,3,1,61,1.35,91.44
301L,301.00,L,3,3,1,65,1.41,93.98
301L,301.00,L,3,3,1,69,2.06,99.06
301L,301.00,L,3,3,1,65,1.58,96.52
301L,301.00,L,3,3,1,69,1.52,78.74
301L,301.00,L,3,3,1,67,1.92,86.36
301L,301.00,L,3,3,1,67,2.6,124.46
301L,301.00,L,3,3,1,67,2.52,132.08
301L,301.00,L,3,3,1,69,1.35,78.74
301L,301.00,L,3,3,1,69,1.8,104.14
301L,301.00,L,3,3,1,69,3.77,142.24
301L,301.00,L,3,3,1,69,2.31,106.68
301L,301.00,L,3,3,1,67,2.23,124.46
301L,301.00,L,3,3,1,69,1.99,104.14
301L,301.00,L,3,3,1,69,3.62,142.24
301L,301.00,L,3,3,1,59,2.01,86.36
301L,301.00,L,3,3,1,69,2.16,124.46
301L,301.00,L,3,3,1,67,2.16,119.38
301L,301.00,L,3,3,1,69,1.96,119.38
302L,302.00,L,3,1.5,2,65,1.43,83.82
302L,302.00,L,3,1.5,2,63,1.4,96.52
302L,302.00,L,3,1.5,2,67,2.43,144.78
302L,302.00,L,3,1.5,2,67,1.88,119.38
302L,302.00,L,3,1.5,2,61,0.77,81.28
302L,302.00,L,3,1.5,2,67,2.53,127.00
302L,302.00,L,3,1.5,2,69,3.27,154.94
302L,302.00,L,3,1.5,2,67,2.96,139.70
302L,302.00,L,3,1.5,2,69,2.44,132.08
302L,302.00,L,3,1.5,2,69,1.76,119.38
302L,302.00,L,3,1.5,2,65,4.05,149.86
302L,302.00,L,3,1.5,2,67,2.69,132.08
302L,302.00,L,3,1.5,2,69,2.42,144.78
302L,302.00,L,3,1.5,2,61,0.47,66.04
302L,302.00,L,3,1.5,2,69,1.05,83.82
302L,302.00,L,3,1.5,2,67,2.42,121.92
302L,302.00,L,3,1.5,2,67,1.15,116.84
302L,302.00,L,3,1.5,2,61,2.12,68.58
302L,302.00,L,3,1.5,2,69,2.23,106.68
302L,302.00,L,3,1.5,2,67,1.66,109.22
302L,302.00,L,3,1.5,2,69,3.37,154.94
302L,302.00,L,3,1.5,2,69,2,111.76
302L,302.00,L,3,1.5,2,69,1.87,116.84
302L,302.00,L,3,1.5,2,65,2.84,134.62
302L,302.00,L,3,1.5,2,67,0.75,93.98
302L,302.00,L,3,1.5,2,69,2.5,116.84
302L,302.00,L,3,1.5,2,69,3.63,144.78
302L,302.00,L,3,1.5,2,67,1.74,114.30
302L,302.00,L,3,1.5,2,67,2.79,121.92
302L,302.00,L,3,1.5,2,61,1.11,91.44
302L,302.00,L,3,1.5,2,61,2.33,121.92
302L,302.00,L,3,1.5,2,69,1.91,106.68
302L,302.00,L,3,1.5,2,61,1.74,114.30
302L,302.00,L,3,1.5,2,65,2.74,114.30
302L,302.00,L,3,1.5,2,69,1.83,132.08
302L,302.00,L,3,1.5,2,67,2.54,114.30
302L,302.00,L,3,1.5,2,67,1.64,101.60
302L,302.00,L,3,1.5,2,67,1.86,86.36
302L,302.00,L,3,1.5,2,69,2.14,93.98
302L,302.00,L,3,1.5,2,65,1.89,124.46
302L,302.00,L,3,1.5,2,63,1.49,91.44
302L,302.00,L,3,1.5,2,67,0.7,81.28
302L,302.00,L,3,1.5,2,69,1.76,93.98
302L,302.00,L,3,1.5,2,67,2.25,127.00
302L,302.00,L,3,1.5,2,67,3.66,144.78
302L,302.00,L,3,1.5,2,67,2.03,127.00
302L,302.00,L,3,1.5,2,65,0.56,43.18
302L,302.00,L,3,1.5,2,69,2.1,119.38
302L,302.00,L,3,1.5,2,61,0.92,73.66
302L,302.00,L,3,1.5,2,69,2.21,116.84
302L,302.00,L,3,1.5,2,65,1.61,96.52
302L,302.00,L,3,1.5,2,67,2.2,129.54
302L,302.00,L,3,1.5,2,67,2.15,119.38
302L,302.00,L,3,1.5,2,61,1.42,104.14
302L,302.00,L,3,1.5,2,67,1.17,93.98
302L,302.00,L,3,1.5,2,67,0.97,71.12
302L,302.00,L,3,1.5,2,63,0.6,60.96
302L,302.00,L,3,1.5,2,63,1.58,91.44
302L,302.00,L,3,1.5,2,63,1.67,83.82
302L,302.00,L,3,1.5,2,69,1.11,116.84
302L,302.00,L,3,1.5,2,69,1.58,106.68
302L,302.00,L,3,1.5,2,61,2.1,109.22
302L,302.00,L,3,1.5,2,61,1.04,66.04
302L,302.00,L,3,1.5,2,61,0.89,68.58
302L,302.00,L,3,1.5,2,65,1.32,78.74
302L,302.00,L,3,1.5,2,69,1.81,104.14
401L,401.00,L,4,0,1,63,1.6,86.36
401L,401.00,L,4,0,1,67,0.82,53.34
401L,401.00,L,4,0,1,61,1.24,83.82
401L,401.00,L,4,0,1,59,0.58,35.56
401L,401.00,L,4,0,1,65,2.31,88.90
401L,401.00,L,4,0,1,61,0.93,71.12
401L,401.00,L,4,0,1,61,3.25,114.30
401L,401.00,L,4,0,1,59,0.52,43.18
401L,401.00,L,4,0,1,61,1.29,71.12
401L,401.00,L,4,0,1,59,1.25,73.66
401L,401.00,L,4,0,1,61,1.53,73.66
401L,401.00,L,4,0,1,65,1.69,104.14
401L,401.00,L,4,0,1,59,0.63,43.18
401L,401.00,L,4,0,1,61,1.21,78.74
401L,401.00,L,4,0,1,69,1.95,106.68
401L,401.00,L,4,0,1,61,2.97,104.14
401L,401.00,L,4,0,1,63,1.59,81.28
401L,401.00,L,4,0,1,61,1.14,63.50
401L,401.00,L,4,0,1,63,1.81,99.06
401L,401.00,L,4,0,1,65,1.85,91.44
401L,401.00,L,4,0,1,61,0.6,58.42
401L,401.00,L,4,0,1,65,2.2,114.30
401L,401.00,L,4,0,1,67,1.73,101.60
401L,401.00,L,4,0,1,63,1.61,88.90
401L,401.00,L,4,0,1,67,2.03,99.06
401L,401.00,L,4,0,1,63,1.53,86.36
401L,401.00,L,4,0,1,61,1.28,76.20
401L,401.00,L,4,0,1,69,1.73,116.84
401L,401.00,L,4,0,1,61,2.23,96.52
401L,401.00,L,4,0,1,67,1.42,83.82
401L,401.00,L,4,0,1,67,1.14,78.74
401L,401.00,L,4,0,1,65,1.86,83.82
401L,401.00,L,4,0,1,61,2.13,93.98
401L,401.00,L,4,0,1,65,3.24,104.14
401L,401.00,L,4,0,1,61,1.96,93.98
401L,401.00,L,4,0,1,65,3.13,127.00
401L,401.00,L,4,0,1,67,2.17,111.76
401L,401.00,L,4,0,1,67,1.13,73.66
401L,401.00,L,4,0,1,61,1.64,88.90
401L,401.00,L,4,0,1,61,2.69,109.22
401L,401.00,L,4,0,1,65,1.59,78.74
401L,401.00,L,4,0,1,61,1.41,76.20
401L,401.00,L,4,0,1,63,1.56,76.20
401L,401.00,L,4,0,1,61,1.56,81.28
401L,401.00,L,4,0,1,61,1.27,58.42
401L,401.00,L,4,0,1,65,1.15,53.34
401L,401.00,L,4,0,1,61,2.24,83.82
401L,401.00,L,4,0,1,61,1.14,71.12
401L,401.00,L,4,0,1,65,0.98,76.20
401L,401.00,L,4,0,1,65,2.13,96.52
401L,401.00,L,4,0,1,61,1.61,88.90
401L,401.00,L,4,0,1,69,1.45,86.36
401L,401.00,L,4,0,1,63,1.85,93.98
401L,401.00,L,4,0,1,61,1.44,96.52
401L,401.00,L,4,0,1,63,1.98,83.82
401L,401.00,L,4,0,1,65,1.82,83.82
401L,401.00,L,4,0,1,61,1.1,73.66
401L,401.00,L,4,0,1,63,2.24,111.76
401L,401.00,L,4,0,1,69,1.72,101.60
401L,401.00,L,4,0,1,61,1.28,88.90
401L,401.00,L,4,0,1,63,1.95,101.60
401L,401.00,L,4,0,1,61,1.67,99.06
401L,401.00,L,4,0,1,63,2.28,99.06
303L,303.00,L,3,0,3,69,0.83,34.29
303L,303.00,L,3,0,3,69,0.7,46.99
303L,303.00,L,3,0,3,69,1.25,62.23
303L,303.00,L,3,0,3,69,0.99,55.88
303L,303.00,L,3,0,3,69,1.32,71.12
303L,303.00,L,3,0,3,69,1.41,86.36
303L,303.00,L,3,0,3,69,1.49,88.90
303L,303.00,L,3,0,3,63,1.89,88.90
303L,303.00,L,3,0,3,69,0.84,48.26
303L,303.00,L,3,0,3,67,1.76,80.01
303L,303.00,L,3,0,3,69,1.37,83.82
303L,303.00,L,3,0,3,68,1.89,92.71
303L,303.00,L,3,0,3,69,1.06,43.18
303L,303.00,L,3,0,3,67,3.18,121.92
303L,303.00,L,3,0,3,69,1.56,82.55
303L,303.00,L,3,0,3,69,2.01,102.87
303L,303.00,L,3,0,3,69,0.63,44.45
303L,303.00,L,3,0,3,69,0.92,57.15
303L,303.00,L,3,0,3,69,0.85,35.56
303L,303.00,L,3,0,3,69,0.76,40.64
303L,303.00,L,3,0,3,69,2.27,76.20
303L,303.00,L,3,0,3,69,2.42,116.84
303L,303.00,L,3,0,3,69,1.39,83.82
303L,303.00,L,3,0,3,69,1.4,78.74
303L,303.00,L,3,0,3,69,2.28,106.68
303L,303.00,L,3,0,3,69,2.38,109.22
303L,303.00,L,3,0,3,69,2.96,101.60
303L,303.00,L,3,0,3,69,0.88,43.18
303L,303.00,L,3,0,3,69,1.31,52.07
303L,303.00,L,3,0,3,69,0.85,43.18
303L,303.00,L,3,0,3,69,1.2,57.15
303L,303.00,L,3,0,3,69,1.22,49.53
303L,303.00,L,3,0,3,69,1.44,74.93
303L,303.00,L,3,0,3,69,3.52,102.87
303L,303.00,L,3,0,3,69,1.03,57.15
303L,303.00,L,3,0,3,69,2.11,104.14
303L,303.00,L,3,0,3,69,2.24,86.36
303L,303.00,L,3,0,3,69,1.33,55.88
303L,303.00,L,3,0,3,69,2.48,91.44
303L,303.00,L,3,0,3,67,3.44,121.92
303L,303.00,L,3,0,3,69,1.44,73.66
303L,303.00,L,3,0,3,68,1.67,97.79
303L,303.00,L,3,0,3,69,3.02,115.57
303L,303.00,L,3,0,3,68,1.56,86.36
303L,303.00,L,3,0,3,69,1.36,53.34
303L,303.00,L,3,0,3,69,3.22,115.57
303L,303.00,L,3,0,3,69,0.52,53.34
303L,303.00,L,3,0,3,69,1.49,49.53
303L,303.00,L,3,0,3,69,2.1,93.98
303L,303.00,L,3,0,3,69,2.18,91.44
303L,303.00,L,3,0,3,69,2.2,99.06
303L,303.00,L,3,0,3,69,1.55,76.20
303L,303.00,L,3,0,3,69,1.74,77.47
303L,303.00,L,3,0,3,69,1.54,85.09
303L,303.00,L,3,0,3,67,3.11,111.76
303L,303.00,L,3,0,3,69,1.22,78.74
303L,303.00,L,3,0,3,69,1.04,48.26
303L,303.00,L,3,0,3,67,2.11,111.76
303L,303.00,L,3,0,3,69,1.86,96.52
303L,303.00,L,3,0,3,69,0.4,33.02
303L,303.00,L,3,0,3,69,0.47,25.40
303L,303.00,L,3,0,3,69,0.51,34.29
303L,303.00,L,3,0,3,69,1.01,48.26
303L,303.00,L,3,0,3,69,1.76,86.36
303L,303.00,L,3,0,3,69,2.16,96.52
303L,303.00,L,3,0,3,69,0.62,40.64
303L,303.00,L,3,0,3,69,1.97,80.01
303L,303.00,L,3,0,3,69,0.96,60.96
303L,303.00,L,3,0,3,69,0.93,48.26
303L,303.00,L,3,0,3,69,1.6,68.58
303L,303.00,L,3,0,3,69,0.92,57.15
303L,303.00,L,3,0,3,69,1.98,78.74
303L,303.00,L,3,0,3,67,0.98,66.04
303L,303.00,L,3,0,3,69,0.75,45.72
303L,303.00,L,3,0,3,69,0.76,43.18
303L,303.00,L,3,0,3,69,0.8,40.64
303L,303.00,L,3,0,3,69,0.81,55.88
303L,303.00,L,3,0,3,NA,0.29,17.78
303L,303.00,L,3,0,3,NA,0.86,12.70